height_mm,volume_litres
0.000,0.000000
0.100,0.009260
0.200,0.018564
0.300,0.027914
0.400,0.037310
0.500,0.046751
0.600,0.056238
0.700,0.065770
0.800,0.075348
0.900,0.084971
1.000,0.094640
1.100,0.104354
1.200,0.114114
1.300,0.123919
1.400,0.133770
1.500,0.143666
1.600,0.153608
1.700,0.163595
1.800,0.173627
1.900,0.183705
2.000,0.193828
2.100,0.203997
2.200,0.214212
2.300,0.224471
2.400,0.234776
2.500,0.245127
2.600,0.255522
2.700,0.265964
2.800,0.276450
2.900,0.286982
3.000,0.297560
3.100,0.308182
3.200,0.318851
3.300,0.329564
3.400,0.340323
3.500,0.351127
3.600,0.361976
3.700,0.372871
3.800,0.383811
3.900,0.394797
4.000,0.405827
4.100,0.416903
4.200,0.428025
4.300,0.439191
4.400,0.450403
4.500,0.461660
4.600,0.472963
4.700,0.484311
4.800,0.495704
4.900,0.507142
5.000,0.518625
5.100,0.530154
5.200,0.541728
5.300,0.553347
5.400,0.565011
5.500,0.576721
5.600,0.588476
5.700,0.600276
5.800,0.612121
5.900,0.624011
6.000,0.635947
6.100,0.647928
6.200,0.659954
6.300,0.672025
6.400,0.684141
6.500,0.696302
6.600,0.708509
6.700,0.720761
6.800,0.733057
6.900,0.745399
7.000,0.757786
7.100,0.770218
7.200,0.782696
7.300,0.795218
7.400,0.807786
7.500,0.820398
7.600,0.833056
7.700,0.845758
7.800,0.858506
7.900,0.871299
8.000,0.884137
8.100,0.897020
8.200,0.909948
8.300,0.922921
8.400,0.935939
8.500,0.949002
8.600,0.962110
8.700,0.975263
8.800,0.988461
8.900,1.001705
9.000,1.014993
9.100,1.028326
9.200,1.041704
9.300,1.055127
9.400,1.068595
9.500,1.082108
9.600,1.095666
9.700,1.109269
9.800,1.122917
9.900,1.136609
10.000,1.150347
10.100,1.164130
10.200,1.177957
10.300,1.191830
10.400,1.205747
10.500,1.219709
10.600,1.233717
10.700,1.247769
10.800,1.261866
10.900,1.276007
11.000,1.290194
11.100,1.304426
11.200,1.318702
11.300,1.333023
11.400,1.347389
11.500,1.361800
11.600,1.376256
11.700,1.390757
11.800,1.405302
11.900,1.419892
12.000,1.434527
12.100,1.449207
12.200,1.463932
12.300,1.478701
12.400,1.493515
12.500,1.508374
12.600,1.523278
12.700,1.538226
12.800,1.553220
12.900,1.568258
13.000,1.583340
13.100,1.598468
13.200,1.613640
13.300,1.628857
13.400,1.644119
13.500,1.659425
13.600,1.674776
13.700,1.690172
13.800,1.705612
13.900,1.721097
14.000,1.736627
14.100,1.752202
14.200,1.767821
14.300,1.783484
14.400,1.799193
14.500,1.814946
14.600,1.830744
14.700,1.846586
14.800,1.862473
14.900,1.878405
15.000,1.894381
15.100,1.910402
15.200,1.926467
15.300,1.942577
15.400,1.958732
15.500,1.974931
15.600,1.991175
15.700,2.007464
15.800,2.023797
15.900,2.040174
16.000,2.056596
16.100,2.073063
16.200,2.089574
16.300,2.106130
16.400,2.122730
16.500,2.139375
16.600,2.156064
16.700,2.172798
16.800,2.189576
16.900,2.206399
17.000,2.223266
17.100,2.240178
17.200,2.257134
17.300,2.274135
17.400,2.291180
17.500,2.308270
17.600,2.325404
17.700,2.342582
17.800,2.359805
17.900,2.377073
18.000,2.394384
18.100,2.411741
18.200,2.429141
18.300,2.446586
18.400,2.464076
18.500,2.481610
18.600,2.499188
18.700,2.516811
18.800,2.534478
18.900,2.552189
19.000,2.569945
19.100,2.587745
19.200,2.605590
19.300,2.623478
19.400,2.641412
19.500,2.659389
19.600,2.677411
19.700,2.695477
19.800,2.713588
19.900,2.731742
20.000,2.749942
20.100,2.768185
20.200,2.786473
20.300,2.804805
20.400,2.823181
20.500,2.841601
20.600,2.860066
20.700,2.878575
20.800,2.897128
20.900,2.915726
21.000,2.934368
21.100,2.953054
21.200,2.971784
21.300,2.990558
21.400,3.009377
21.500,3.028240
21.600,3.047147
21.700,3.066098
21.800,3.085094
21.900,3.104133
22.000,3.123217
22.100,3.142345
22.200,3.161517
22.300,3.180734
22.400,3.199994
22.500,3.219299
22.600,3.238648
22.700,3.258040
22.800,3.277477
22.900,3.296959
23.000,3.316484
23.100,3.336053
23.200,3.355667
23.300,3.375324
23.400,3.395026
23.500,3.414772
23.600,3.434561
23.700,3.454395
23.800,3.474273
23.900,3.494195
24.000,3.514161
24.100,3.534171
24.200,3.554225
24.300,3.574324
24.400,3.594466
24.500,3.614652
24.600,3.634882
24.700,3.655156
24.800,3.675475
24.900,3.695837
25.000,3.716243
25.100,3.736693
25.200,3.757187
25.300,3.777726
25.400,3.798308
25.500,3.818934
25.600,3.839604
25.700,3.860318
25.800,3.881076
25.900,3.901877
26.000,3.922723
26.100,3.943613
26.200,3.964546
26.300,3.985524
26.400,4.006545
26.500,4.027611
26.600,4.048720
26.700,4.069873
26.800,4.091070
26.900,4.112311
27.000,4.133595
27.100,4.154924
27.200,4.176296
27.300,4.197712
27.400,4.219172
27.500,4.240676
27.600,4.262224
27.700,4.283816
27.800,4.305451
27.900,4.327130
28.000,4.348853
28.100,4.370620
28.200,4.392430
28.300,4.414285
28.400,4.436183
28.500,4.458125
28.600,4.480110
28.700,4.502140
28.800,4.524213
28.900,4.546330
29.000,4.568490
29.100,4.590695
29.200,4.612943
29.300,4.635234
29.400,4.657570
29.500,4.679949
29.600,4.702372
29.700,4.724839
29.800,4.747349
29.900,4.769903
30.000,4.792500
30.100,4.815142
30.200,4.837827
30.300,4.860555
30.400,4.883328
30.500,4.906143
30.600,4.929003
30.700,4.951906
30.800,4.974853
30.900,4.997843
31.000,5.020877
31.100,5.043955
31.200,5.067076
31.300,5.090241
31.400,5.113450
31.500,5.136702
31.600,5.159997
31.700,5.183336
31.800,5.206719
31.900,5.230145
32.000,5.253615
32.100,5.277128
32.200,5.300685
32.300,5.324286
32.400,5.347930
32.500,5.371617
32.600,5.395348
32.700,5.419122
32.800,5.442940
32.900,5.466802
33.000,5.490707
33.100,5.514655
33.200,5.538647
33.300,5.562683
33.400,5.586761
33.500,5.610884
33.600,5.635049
33.700,5.659259
33.800,5.683511
33.900,5.707807
34.000,5.732147
34.100,5.756529
34.200,5.780956
34.300,5.805425
34.400,5.829939
34.500,5.854495
34.600,5.879095
34.700,5.903738
34.800,5.928425
34.900,5.953155
35.000,5.977928
35.100,6.002745
35.200,6.027605
35.300,6.052508
35.400,6.077455
35.500,6.102445
35.600,6.127478
35.700,6.152555
35.800,6.177675
35.900,6.202838
36.000,6.228045
36.100,6.253295
36.200,6.278588
36.300,6.303924
36.400,6.329304
36.500,6.354727
36.600,6.380193
36.700,6.405703
36.800,6.431256
36.900,6.456852
37.000,6.482491
37.100,6.508173
37.200,6.533899
37.300,6.559668
37.400,6.585480
37.500,6.611335
37.600,6.637234
37.700,6.663176
37.800,6.689160
37.900,6.715188
38.000,6.741260
38.100,6.767374
38.200,6.793532
38.300,6.819732
38.400,6.845976
38.500,6.872263
38.600,6.898593
38.700,6.924967
38.800,6.951383
38.900,6.977842
39.000,7.004345
39.100,7.030891
39.200,7.057480
39.300,7.084111
39.400,7.110786
39.500,7.137504
39.600,7.164266
39.700,7.191070
39.800,7.217917
39.900,7.244807
40.000,7.271741
40.100,7.298717
40.200,7.325737
40.300,7.352799
40.400,7.379904
40.500,7.407053
40.600,7.434244
40.700,7.461479
40.800,7.488756
40.900,7.516077
41.000,7.543440
41.100,7.570847
41.200,7.598296
41.300,7.625789
41.400,7.653324
41.500,7.680902
41.600,7.708523
41.700,7.736188
41.800,7.763895
41.900,7.791645
42.000,7.819438
42.100,7.847273
42.200,7.875152
42.300,7.903074
42.400,7.931038
42.500,7.959046
42.600,7.987096
42.700,8.015189
42.800,8.043326
42.900,8.071505
43.000,8.099726
43.100,8.127991
43.200,8.156298
43.300,8.184649
43.400,8.213042
43.500,8.241478
43.600,8.269957
43.700,8.298478
43.800,8.327043
43.900,8.355650
44.000,8.384300
44.100,8.412993
44.200,8.441729
44.300,8.470507
44.400,8.499328
44.500,8.528192
44.600,8.557099
44.700,8.586048
44.800,8.615040
44.900,8.644075
45.000,8.673153
45.100,8.702273
45.200,8.731436
45.300,8.760642
45.400,8.789891
45.500,8.819182
45.600,8.848516
45.700,8.877892
45.800,8.907312
45.900,8.936774
46.000,8.966278
46.100,8.995825
46.200,9.025415
46.300,9.055048
46.400,9.084723
46.500,9.114441
46.600,9.144202
46.700,9.174005
46.800,9.203850
46.900,9.233739
47.000,9.263670
47.100,9.293643
47.200,9.323659
47.300,9.353718
47.400,9.383819
47.500,9.413963
47.600,9.444150
47.700,9.474379
47.800,9.504650
47.900,9.534965
48.000,9.565321
48.100,9.595720
48.200,9.626162
48.300,9.656646
48.400,9.687173
48.500,9.717743
48.600,9.748354
48.700,9.779009
48.800,9.809705
48.900,9.840445
49.000,9.871226
49.100,9.902051
49.200,9.932917
49.300,9.963827
49.400,9.994778
49.500,10.025772
49.600,10.056809
49.700,10.087888
49.800,10.119009
49.900,10.150173
50.000,10.181379
50.100,10.212628
50.200,10.243919
50.300,10.275252
50.400,10.306628
50.500,10.338046
50.600,10.369507
50.700,10.401010
50.800,10.432555
50.900,10.464143
51.000,10.495773
51.100,10.527445
51.200,10.559160
51.300,10.590917
51.400,10.622717
51.500,10.654558
51.600,10.686442
51.700,10.718369
51.800,10.750338
51.900,10.782348
52.000,10.814402
52.100,10.846497
52.200,10.878635
52.300,10.910815
52.400,10.943038
52.500,10.975302
52.600,11.007609
52.700,11.039958
52.800,11.072350
52.900,11.104783
53.000,11.137259
53.100,11.169777
53.200,11.202337
53.300,11.234940
53.400,11.267585
53.500,11.300271
53.600,11.333001
53.700,11.365772
53.800,11.398585
53.900,11.431441
54.000,11.464339
54.100,11.497279
54.200,11.530261
54.300,11.563285
54.400,11.596351
54.500,11.629460
54.600,11.662610
54.700,11.695803
54.800,11.729038
54.900,11.762315
55.000,11.795634
55.100,11.828995
55.200,11.862399
55.300,11.895844
55.400,11.929332
55.500,11.962862
55.600,11.996433
55.700,12.030046
55.800,12.063699
55.900,12.097394
56.000,12.131129
56.100,12.164905
56.200,12.198721
56.300,12.232577
56.400,12.266473
56.500,12.300407
56.600,12.334382
56.700,12.368395
56.800,12.402447
56.900,12.436537
57.000,12.470666
57.100,12.504833
57.200,12.539037
57.300,12.573280
57.400,12.607559
57.500,12.641876
57.600,12.676230
57.700,12.710621
57.800,12.745049
57.900,12.779513
58.000,12.814013
58.100,12.848549
58.200,12.883121
58.300,12.917729
58.400,12.952373
58.500,12.987051
58.600,13.021765
58.700,13.056514
58.800,13.091297
58.900,13.126116
59.000,13.160968
59.100,13.195855
59.200,13.230776
59.300,13.265731
59.400,13.300720
59.500,13.335742
59.600,13.370798
59.700,13.405887
59.800,13.441010
59.900,13.476165
60.000,13.511353
60.100,13.546574
60.200,13.581827
60.300,13.617113
60.400,13.652431
60.500,13.687781
60.600,13.723163
60.700,13.758577
60.800,13.794023
60.900,13.829500
61.000,13.865008
61.100,13.900548
61.200,13.936119
61.300,13.971720
61.400,14.007353
61.500,14.043016
61.600,14.078710
61.700,14.114435
61.800,14.150190
61.900,14.185974
62.000,14.221789
62.100,14.257634
62.200,14.293509
62.300,14.329414
62.400,14.365348
62.500,14.401311
62.600,14.437304
62.700,14.473326
62.800,14.509377
62.900,14.545458
63.000,14.581567
63.100,14.617704
63.200,14.653871
63.300,14.690066
63.400,14.726289
63.500,14.762541
63.600,14.798821
63.700,14.835129
63.800,14.871465
63.900,14.907828
64.000,14.944220
64.100,14.980639
64.200,15.017086
64.300,15.053560
64.400,15.090061
64.500,15.126590
64.600,15.163146
64.700,15.199729
64.800,15.236339
64.900,15.272975
65.000,15.309639
65.100,15.346329
65.200,15.383045
65.300,15.419788
65.400,15.456557
65.500,15.493353
65.600,15.530175
65.700,15.567022
65.800,15.603896
65.900,15.640795
66.000,15.677721
66.100,15.714671
66.200,15.751648
66.300,15.788650
66.400,15.825677
66.500,15.862730
66.600,15.899808
66.700,15.936911
66.800,15.974039
66.900,16.011192
67.000,16.048370
67.100,16.085572
67.200,16.122800
67.300,16.160052
67.400,16.197328
67.500,16.234629
67.600,16.271954
67.700,16.309303
67.800,16.346677
67.900,16.384075
68.000,16.421497
68.100,16.458942
68.200,16.496412
68.300,16.533905
68.400,16.571422
68.500,16.608963
68.600,16.646527
68.700,16.684114
68.800,16.721725
68.900,16.759360
69.000,16.797017
69.100,16.834698
69.200,16.872401
69.300,16.910128
69.400,16.947877
69.500,16.985650
69.600,17.023445
69.700,17.061262
69.800,17.099103
69.900,17.136966
70.000,17.174851
70.100,17.212759
70.200,17.250689
70.300,17.288641
70.400,17.326615
70.500,17.364612
70.600,17.402630
70.700,17.440671
70.800,17.478733
70.900,17.516817
71.000,17.554923
71.100,17.593051
71.200,17.631200
71.300,17.669371
71.400,17.707563
71.500,17.745776
71.600,17.784011
71.700,17.822267
71.800,17.860544
71.900,17.898843
72.000,17.937162
72.100,17.975502
72.200,18.013864
72.300,18.052246
72.400,18.090649
72.500,18.129072
72.600,18.167516
72.700,18.205981
72.800,18.244467
72.900,18.282972
73.000,18.321499
73.100,18.360045
73.200,18.398612
73.300,18.437199
73.400,18.475806
73.500,18.514433
73.600,18.553080
73.700,18.591747
73.800,18.630434
73.900,18.669141
74.000,18.707868
74.100,18.746614
74.200,18.785380
74.300,18.824165
74.400,18.862970
74.500,18.901795
74.600,18.940639
74.700,18.979502
74.800,19.018384
74.900,19.057286
75.000,19.096207
75.100,19.135147
75.200,19.174106
75.300,19.213084
75.400,19.252080
75.500,19.291096
75.600,19.330131
75.700,19.369184
75.800,19.408256
75.900,19.447346
76.000,19.486455
76.100,19.525583
76.200,19.564729
76.300,19.603894
76.400,19.643076
76.500,19.682277
76.600,19.721497
76.700,19.760734
76.800,19.799990
76.900,19.839264
77.000,19.878555
77.100,19.917865
77.200,19.957193
77.300,19.996538
77.400,20.035901
77.500,20.075282
77.600,20.114681
77.700,20.154097
77.800,20.193531
77.900,20.232982
78.000,20.272451
78.100,20.311937
78.200,20.351441
78.300,20.390962
78.400,20.430500
78.500,20.470055
78.600,20.509628
78.700,20.549218
78.800,20.588824
78.900,20.628448
79.000,20.668089
79.100,20.707746
79.200,20.747420
79.300,20.787112
79.400,20.826819
79.500,20.866544
79.600,20.906285
79.700,20.946043
79.800,20.985817
79.900,21.025608
80.000,21.065415
80.100,21.105239
80.200,21.145079
80.300,21.184935
80.400,21.224808
80.500,21.264696
80.600,21.304601
80.700,21.344522
80.800,21.384459
80.900,21.424412
81.000,21.464381
81.100,21.504366
81.200,21.544366
81.300,21.584383
81.400,21.624415
81.500,21.664463
81.600,21.704526
81.700,21.744605
81.800,21.784700
81.900,21.824810
82.000,21.864936
82.100,21.905077
82.200,21.945233
82.300,21.985405
82.400,22.025592
82.500,22.065794
82.600,22.106012
82.700,22.146244
82.800,22.186492
82.900,22.226755
83.000,22.267033
83.100,22.307325
83.200,22.347633
83.300,22.387955
83.400,22.428292
83.500,22.468644
83.600,22.509011
83.700,22.549393
83.800,22.589789
83.900,22.630199
84.000,22.670625
84.100,22.711064
84.200,22.751518
84.300,22.791987
84.400,22.832470
84.500,22.872967
84.600,22.913478
84.700,22.954004
84.800,22.994544
84.900,23.035098
85.000,23.075666
85.100,23.116249
85.200,23.156845
85.300,23.197455
85.400,23.238079
85.500,23.278717
85.600,23.319369
85.700,23.360035
85.800,23.400714
85.900,23.441407
86.000,23.482114
86.100,23.522834
86.200,23.563568
86.300,23.604316
86.400,23.645077
86.500,23.685851
86.600,23.726639
86.700,23.767440
86.800,23.808255
86.900,23.849083
87.000,23.889924
87.100,23.930778
87.200,23.971646
87.300,24.012526
87.400,24.053420
87.500,24.094327
87.600,24.135246
87.700,24.176179
87.800,24.217124
87.900,24.258083
88.000,24.299054
88.100,24.340038
88.200,24.381035
88.300,24.422044
88.400,24.463067
88.500,24.504101
88.600,24.545149
88.700,24.586209
88.800,24.627281
88.900,24.668366
89.000,24.709463
89.100,24.750573
89.200,24.791695
89.300,24.832829
89.400,24.873976
89.500,24.915135
89.600,24.956306
89.700,24.997489
89.800,25.038684
89.900,25.079891
90.000,25.121111
90.100,25.162342
90.200,25.203585
90.300,25.244840
90.400,25.286108
90.500,25.327386
90.600,25.368677
90.700,25.409980
90.800,25.451294
90.900,25.492619
91.000,25.533957
91.100,25.575306
91.200,25.616667
91.300,25.658039
91.400,25.699422
91.500,25.740817
91.600,25.782224
91.700,25.823642
91.800,25.865071
91.900,25.906511
92.000,25.947963
92.100,25.989426
92.200,26.030900
92.300,26.072385
92.400,26.113881
92.500,26.155389
92.600,26.196907
92.700,26.238436
92.800,26.279977
92.900,26.321528
93.000,26.363090
93.100,26.404663
93.200,26.446247
93.300,26.487841
93.400,26.529447
93.500,26.571062
93.600,26.612689
93.700,26.654326
93.800,26.695974
93.900,26.737632
94.000,26.779301
94.100,26.820980
94.200,26.862670
94.300,26.904370
94.400,26.946081
94.500,26.987802
94.600,27.029533
94.700,27.071274
94.800,27.113026
94.900,27.154787
95.000,27.196559
95.100,27.238341
95.200,27.280133
95.300,27.321935
95.400,27.363747
95.500,27.405569
95.600,27.447401
95.700,27.489243
95.800,27.531095
95.900,27.572956
96.000,27.614827
96.100,27.656708
96.200,27.698599
96.300,27.740499
96.400,27.782409
96.500,27.824329
96.600,27.866258
96.700,27.908197
96.800,27.950145
96.900,27.992103
97.000,28.034070
97.100,28.076046
97.200,28.118032
97.300,28.160027
97.400,28.202032
97.500,28.244046
97.600,28.286069
97.700,28.328101
97.800,28.370142
97.900,28.412192
98.000,28.454252
98.100,28.496320
98.200,28.538398
98.300,28.580484
98.400,28.622579
98.500,28.664684
98.600,28.706797
98.700,28.748919
98.800,28.791050
98.900,28.833189
99.000,28.875337
99.100,28.917494
99.200,28.959660
99.300,29.001834
99.400,29.044017
99.500,29.086209
99.600,29.128409
99.700,29.170617
99.800,29.212834
99.900,29.255059
100.000,29.297293
100.100,29.339535
100.200,29.381785
100.300,29.424044
100.400,29.466311
100.500,29.508586
100.600,29.550869
100.700,29.593161
100.800,29.635461
100.900,29.677768
101.000,29.720084
101.100,29.762408
101.200,29.804740
101.300,29.847079
101.400,29.889427
101.500,29.931782
101.600,29.974146
101.700,30.016517
101.800,30.058896
101.900,30.101283
102.000,30.143677
102.100,30.186079
102.200,30.228489
102.300,30.270906
102.400,30.313331
102.500,30.355764
102.600,30.398204
102.700,30.440652
102.800,30.483107
102.900,30.525569
103.000,30.568039
103.100,30.610516
103.200,30.653000
103.300,30.695492
103.400,30.737991
103.500,30.780498
103.600,30.823011
103.700,30.865532
103.800,30.908060
103.900,30.950594
104.000,30.993136
104.100,31.035685
104.200,31.078241
104.300,31.120804
104.400,31.163374
104.500,31.205951
104.600,31.248534
104.700,31.291125
104.800,31.333722
104.900,31.376326
105.000,31.418937
105.100,31.461555
105.200,31.504179
105.300,31.546810
105.400,31.589447
105.500,31.632091
105.600,31.674742
105.700,31.717399
105.800,31.760062
105.900,31.802732
106.000,31.845409
106.100,31.888092
106.200,31.930781
106.300,31.973476
106.400,32.016178
106.500,32.058886
106.600,32.101600
106.700,32.144321
106.800,32.187048
106.900,32.229780
107.000,32.272519
107.100,32.315264
107.200,32.358015
107.300,32.400772
107.400,32.443535
107.500,32.486304
107.600,32.529079
107.700,32.571860
107.800,32.614647
107.900,32.657439
108.000,32.700237
108.100,32.743041
108.200,32.785851
108.300,32.828666
108.400,32.871487
108.500,32.914314
108.600,32.957146
108.700,32.999984
108.800,33.042828
108.900,33.085676
109.000,33.128531
109.100,33.171391
109.200,33.214256
109.300,33.257127
109.400,33.300003
109.500,33.342884
109.600,33.385770
109.700,33.428662
109.800,33.471559
109.900,33.514462
110.000,33.557369
110.100,33.600282
110.200,33.643199
110.300,33.686122
110.400,33.729050
110.500,33.771983
110.600,33.814921
110.700,33.857863
110.800,33.900811
110.900,33.943764
111.000,33.986721
111.100,34.029683
111.200,34.072650
111.300,34.115622
111.400,34.158599
111.500,34.201580
111.600,34.244566
111.700,34.287556
111.800,34.330552
111.900,34.373551
112.000,34.416556
112.100,34.459565
112.200,34.502578
112.300,34.545596
112.400,34.588618
112.500,34.631645
112.600,34.674676
112.700,34.717711
112.800,34.760751
112.900,34.803794
113.000,34.846843
113.100,34.889895
113.200,34.932952
113.300,34.976012
113.400,35.019077
113.500,35.062146
113.600,35.105219
113.700,35.148296
113.800,35.191377
113.900,35.234462
114.000,35.277551
114.100,35.320644
114.200,35.363741
114.300,35.406842
114.400,35.449946
114.500,35.493055
114.600,35.536167
114.700,35.579282
114.800,35.622402
114.900,35.665525
115.000,35.708652
115.100,35.751782
115.200,35.794916
115.300,35.838054
115.400,35.881195
115.500,35.924339
115.600,35.967488
115.700,36.010639
115.800,36.053794
115.900,36.096952
116.000,36.140114
116.100,36.183279
116.200,36.226447
116.300,36.269618
116.400,36.312793
116.500,36.355971
116.600,36.399152
116.700,36.442336
116.800,36.485524
116.900,36.528714
117.000,36.571907
117.100,36.615104
117.200,36.658303
117.300,36.701506
117.400,36.744711
117.500,36.787919
117.600,36.831130
117.700,36.874344
117.800,36.917561
117.900,36.960780
118.000,37.004003
118.100,37.047228
118.200,37.090455
118.300,37.133686
118.400,37.176919
118.500,37.220154
118.600,37.263392
118.700,37.306633
118.800,37.349876
118.900,37.393122
119.000,37.436370
119.100,37.479621
119.200,37.522874
119.300,37.566129
119.400,37.609387
119.500,37.652647
119.600,37.695909
119.700,37.739173
119.800,37.782440
119.900,37.825709
120.000,37.868980
120.100,37.912253
120.200,37.955529
120.300,37.998806
120.400,38.042085
120.500,38.085367
120.600,38.128650
120.700,38.171935
120.800,38.215223
120.900,38.258512
121.000,38.301803
121.100,38.345096
121.200,38.388390
121.300,38.431687
121.400,38.474985
121.500,38.518285
121.600,38.561587
121.700,38.604890
121.800,38.648195
121.900,38.691501
122.000,38.734809
122.100,38.778119
122.200,38.821430
122.300,38.864743
122.400,38.908057
122.500,38.951372
122.600,38.994689
122.700,39.038007
122.800,39.081327
122.900,39.124648
123.000,39.167970
123.100,39.211293
123.200,39.254618
123.300,39.297944
123.400,39.341271
123.500,39.384599
123.600,39.427928
123.700,39.471259
123.800,39.514590
123.900,39.557922
124.000,39.601256
124.100,39.644590
124.200,39.687925
124.300,39.731261
124.400,39.774598
124.500,39.817936
124.600,39.861275
124.700,39.904614
124.800,39.947954
124.900,39.991295
125.000,40.034637
125.100,40.077979
125.200,40.121322
125.300,40.164665
125.400,40.208010
125.500,40.251354
125.600,40.294699
125.700,40.338045
125.800,40.381391
125.900,40.424738
126.000,40.468085
126.100,40.511432
126.200,40.554779
126.300,40.598127
126.400,40.641476
126.500,40.684824
126.600,40.728173
126.700,40.771522
126.800,40.814871
126.900,40.858220
127.000,40.901569
127.100,40.944919
127.200,40.988268
127.300,41.031618
127.400,41.074968
127.500,41.118317
127.600,41.161667
127.700,41.205016
127.800,41.248366
127.900,41.291715
128.000,41.335065
128.100,41.378414
128.200,41.421764
128.300,41.465113
128.400,41.508463
128.500,41.551812
128.600,41.595162
128.700,41.638511
128.800,41.681860
128.900,41.725210
129.000,41.768559
129.100,41.811909
129.200,41.855258
129.300,41.898608
129.400,41.941957
129.500,41.985307
129.600,42.028656
129.700,42.072006
129.800,42.115355
129.900,42.158705
130.000,42.202054
130.100,42.245404
130.200,42.288753
130.300,42.332103
130.400,42.375452
130.500,42.418802
130.600,42.462151
130.700,42.505501
130.800,42.548850
130.900,42.592200
131.000,42.635549
131.100,42.678899
131.200,42.722248
131.300,42.765598
131.400,42.808947
131.500,42.852297
131.600,42.895646
131.700,42.938996
131.800,42.982345
131.900,43.025695
132.000,43.069044
132.100,43.112394
132.200,43.155743
132.300,43.199093
132.400,43.242442
132.500,43.285792
132.600,43.329141
132.700,43.372491
132.800,43.415840
132.900,43.459190
133.000,43.502539
133.100,43.545889
133.200,43.589238
133.300,43.632588
133.400,43.675937
133.500,43.719287
133.600,43.762636
133.700,43.805986
133.800,43.849335
133.900,43.892685
134.000,43.936034
134.100,43.979383
134.200,44.022733
134.300,44.066082
134.400,44.109432
134.500,44.152781
134.600,44.196131
134.700,44.239480
134.800,44.282830
134.900,44.326179
135.000,44.369529
135.100,44.412878
135.200,44.456228
135.300,44.499577
135.400,44.542927
135.500,44.586276
135.600,44.629626
135.700,44.672975
135.800,44.716325
135.900,44.759674
136.000,44.803024
136.100,44.846373
136.200,44.889723
136.300,44.933072
136.400,44.976422
136.500,45.019771
136.600,45.063121
136.700,45.106470
136.800,45.149820
136.900,45.193169
137.000,45.236519
137.100,45.279868
137.200,45.323218
137.300,45.366567
137.400,45.409917
137.500,45.453266
137.600,45.496616
137.700,45.539965
137.800,45.583315
137.900,45.626664
138.000,45.670014
138.100,45.713363
138.200,45.756713
138.300,45.800062
138.400,45.843412
138.500,45.886761
138.600,45.930111
138.700,45.973460
138.800,46.016810
138.900,46.060159
139.000,46.103509
139.100,46.146858
139.200,46.190208
139.300,46.233557
139.400,46.276906
139.500,46.320256
139.600,46.363605
139.700,46.406955
139.800,46.450304
139.900,46.493654
140.000,46.537003
140.100,46.580353
140.200,46.623702
140.300,46.667052
140.400,46.710401
140.500,46.753751
140.600,46.797100
140.700,46.840450
140.800,46.883799
140.900,46.927149
141.000,46.970498
141.100,47.013848
141.200,47.057197
141.300,47.100547
141.400,47.143896
141.500,47.187246
141.600,47.230595
141.700,47.273945
141.800,47.317294
141.900,47.360644
142.000,47.403993
142.100,47.447343
142.200,47.490692
142.300,47.534042
142.400,47.577391
142.500,47.620741
142.600,47.664090
142.700,47.707440
142.800,47.750789
142.900,47.794139
143.000,47.837488
143.100,47.880838
143.200,47.924187
143.300,47.967537
143.400,48.010886
143.500,48.054236
143.600,48.097585
143.700,48.140935
143.800,48.184284
143.900,48.227634
144.000,48.270983
144.100,48.314333
144.200,48.357682
144.300,48.401032
144.400,48.444381
144.500,48.487731
144.600,48.531080
144.700,48.574429
144.800,48.617779
144.900,48.661128
145.000,48.704478
145.100,48.747827
145.200,48.791177
145.300,48.834526
145.400,48.877876
145.500,48.921225
145.600,48.964575
145.700,49.007924
145.800,49.051274
145.900,49.094623
146.000,49.137973
146.100,49.181322
146.200,49.224672
146.300,49.268021
146.400,49.311371
146.500,49.354720
146.600,49.398070
146.700,49.441419
146.800,49.484769
146.900,49.528118
147.000,49.571468
147.100,49.614817
147.200,49.658167
147.300,49.701516
147.400,49.744866
147.500,49.788215
147.600,49.831565
147.700,49.874914
147.800,49.918264
147.900,49.961613
148.000,50.004963
148.100,50.048312
148.200,50.091662
148.300,50.135011
148.400,50.178361
148.500,50.221710
148.600,50.265060
148.700,50.308409
148.800,50.351759
148.900,50.395108
149.000,50.438458
149.100,50.481807
149.200,50.525157
149.300,50.568506
149.400,50.611856
149.500,50.655205
149.600,50.698555
149.700,50.741904
149.800,50.785254
149.900,50.828603
150.000,50.871952
150.100,50.915302
150.200,50.958651
150.300,51.002001
150.400,51.045350
150.500,51.088700
150.600,51.132049
150.700,51.175399
150.800,51.218748
150.900,51.262098
151.000,51.305447
151.100,51.348797
151.200,51.392146
151.300,51.435496
151.400,51.478845
151.500,51.522195
151.600,51.565544
151.700,51.608894
151.800,51.652243
151.900,51.695593
152.000,51.738942
152.100,51.782292
152.200,51.825641
152.300,51.868991
152.400,51.912340
152.500,51.955690
152.600,51.999039
152.700,52.042389
152.800,52.085738
152.900,52.129088
153.000,52.172437
153.100,52.215787
153.200,52.259136
153.300,52.302486
153.400,52.345835
153.500,52.389185
153.600,52.432534
153.700,52.475884
153.800,52.519233
153.900,52.562583
154.000,52.605932
154.100,52.649282
154.200,52.692631
154.300,52.735981
154.400,52.779330
154.500,52.822680
154.600,52.866029
154.700,52.909379
154.800,52.952728
154.900,52.996078
155.000,53.039427
155.100,53.082777
155.200,53.126126
155.300,53.169475
155.400,53.212825
155.500,53.256174
155.600,53.299524
155.700,53.342873
155.800,53.386223
155.900,53.429572
156.000,53.472922
156.100,53.516271
156.200,53.559621
156.300,53.602970
156.400,53.646320
156.500,53.689669
156.600,53.733019
156.700,53.776368
156.800,53.819718
156.900,53.863067
157.000,53.906417
157.100,53.949766
157.200,53.993116
157.300,54.036465
157.400,54.079815
157.500,54.123164
157.600,54.166514
157.700,54.209863
157.800,54.253213
157.900,54.296562
158.000,54.339912
158.100,54.383261
158.200,54.426611
158.300,54.469960
158.400,54.513310
158.500,54.556659
158.600,54.600009
158.700,54.643358
158.800,54.686708
158.900,54.730057
159.000,54.773407
159.100,54.816756
159.200,54.860106
159.300,54.903455
159.400,54.946805
159.500,54.990154
159.600,55.033504
159.700,55.076853
159.800,55.120203
159.900,55.163552
160.000,55.206902
160.100,55.250251
160.200,55.293601
160.300,55.336950
160.400,55.380300
160.500,55.423649
160.600,55.466998
160.700,55.510348
160.800,55.553697
160.900,55.597047
161.000,55.640396
161.100,55.683746
161.200,55.727095
161.300,55.770445
161.400,55.813794
161.500,55.857144
161.600,55.900493
161.700,55.943843
161.800,55.987192
161.900,56.030542
162.000,56.073891
162.100,56.117241
162.200,56.160590
162.300,56.203940
162.400,56.247289
162.500,56.290639
162.600,56.333988
162.700,56.377338
162.800,56.420687
162.900,56.464037
163.000,56.507386
163.100,56.550736
163.200,56.594085
163.300,56.637435
163.400,56.680784
163.500,56.724134
163.600,56.767483
163.700,56.810833
163.800,56.854182
163.900,56.897532
164.000,56.940881
164.100,56.984231
164.200,57.027580
164.300,57.070930
164.400,57.114279
164.500,57.157629
164.600,57.200978
164.700,57.244328
164.800,57.287677
164.900,57.331027
165.000,57.374376
165.100,57.417726
165.200,57.461075
165.300,57.504425
165.400,57.547774
165.500,57.591124
165.600,57.634473
165.700,57.677823
165.800,57.721172
165.900,57.764521
166.000,57.807871
166.100,57.851220
166.200,57.894570
166.300,57.937919
166.400,57.981269
166.500,58.024618
166.600,58.067968
166.700,58.111317
166.800,58.154667
166.900,58.198016
167.000,58.241366
167.100,58.284715
167.200,58.328065
167.300,58.371414
167.400,58.414764
167.500,58.458113
167.600,58.501463
167.700,58.544812
167.800,58.588162
167.900,58.631511
168.000,58.674861
168.100,58.718210
168.200,58.761560
168.300,58.804909
168.400,58.848259
168.500,58.891608
168.600,58.934958
168.700,58.978307
168.800,59.021657
168.900,59.065006
169.000,59.108356
169.100,59.151705
169.200,59.195055
169.300,59.238404
169.400,59.281754
169.500,59.325103
169.600,59.368453
169.700,59.411802
169.800,59.455152
169.900,59.498501
170.000,59.541851
170.100,59.585200
170.200,59.628550
170.300,59.671899
170.400,59.715249
170.500,59.758598
170.600,59.801948
170.700,59.845297
170.800,59.888647
170.900,59.931996
171.000,59.975346
171.100,60.018695
171.200,60.062044
171.300,60.105394
171.400,60.148743
171.500,60.192093
171.600,60.235442
171.700,60.278792
171.800,60.322141
171.900,60.365491
172.000,60.408840
172.100,60.452190
172.200,60.495539
172.300,60.538889
172.400,60.582238
172.500,60.625588
172.600,60.668937
172.700,60.712287
172.800,60.755636
172.900,60.798986
173.000,60.842335
173.100,60.885685
173.200,60.929034
173.300,60.972384
173.400,61.015733
173.500,61.059083
173.600,61.102432
173.700,61.145782
173.800,61.189131
173.900,61.232481
174.000,61.275830
174.100,61.319180
174.200,61.362529
174.300,61.405879
174.400,61.449228
174.500,61.492578
174.600,61.535927
174.700,61.579277
174.800,61.622626
174.900,61.665976
175.000,61.709325
175.100,61.752675
175.200,61.796024
175.300,61.839374
175.400,61.882723
175.500,61.926073
175.600,61.969422
175.700,62.012772
175.800,62.056121
175.900,62.099471
176.000,62.142820
176.100,62.186170
176.200,62.229519
176.300,62.272869
176.400,62.316218
176.500,62.359567
176.600,62.402917
176.700,62.446266
176.800,62.489616
176.900,62.532965
177.000,62.576315
177.100,62.619664
177.200,62.663014
177.300,62.706363
177.400,62.749713
177.500,62.793062
177.600,62.836412
177.700,62.879761
177.800,62.923111
177.900,62.966460
178.000,63.009810
178.100,63.053159
178.200,63.096509
178.300,63.139858
178.400,63.183208
178.500,63.226557
178.600,63.269907
178.700,63.313256
178.800,63.356606
178.900,63.399955
179.000,63.443305
179.100,63.486654
179.200,63.530004
179.300,63.573353
179.400,63.616703
179.500,63.660052
179.600,63.703402
179.700,63.746751
179.800,63.790101
179.900,63.833450
180.000,63.876800
180.100,63.920149
180.200,63.963499
180.300,64.006848
180.400,64.050198
180.500,64.093547
180.600,64.136897
180.700,64.180246
180.800,64.223596
180.900,64.266945
181.000,64.310295
181.100,64.353644
181.200,64.396994
181.300,64.440343
181.400,64.483693
181.500,64.527042
181.600,64.570392
181.700,64.613741
181.800,64.657090
181.900,64.700440
182.000,64.743789
182.100,64.787139
182.200,64.830488
182.300,64.873838
182.400,64.917187
182.500,64.960537
182.600,65.003886
182.700,65.047236
182.800,65.090585
182.900,65.133935
183.000,65.177284
183.100,65.220634
183.200,65.263983
183.300,65.307333
183.400,65.350682
183.500,65.394032
183.600,65.437381
183.700,65.480731
183.800,65.524080
183.900,65.567430
184.000,65.610779
184.100,65.654129
184.200,65.697478
184.300,65.740828
184.400,65.784177
184.500,65.827527
184.600,65.870876
184.700,65.914226
184.800,65.957575
184.900,66.000925
185.000,66.044274
185.100,66.087624
185.200,66.130973
185.300,66.174323
185.400,66.217672
185.500,66.261022
185.600,66.304371
185.700,66.347721
185.800,66.391070
185.900,66.434420
186.000,66.477769
186.100,66.521119
186.200,66.564468
186.300,66.607818
186.400,66.651167
186.500,66.694517
186.600,66.737866
186.700,66.781216
186.800,66.824565
186.900,66.867915
187.000,66.911264
187.100,66.954613
187.200,66.997963
187.300,67.041312
187.400,67.084662
187.500,67.128011
187.600,67.171361
187.700,67.214710
187.800,67.258060
187.900,67.301409
188.000,67.344759
188.100,67.388108
188.200,67.431458
188.300,67.474807
188.400,67.518157
188.500,67.561506
188.600,67.604856
188.700,67.648205
188.800,67.691555
188.900,67.734904
189.000,67.778254
189.100,67.821603
189.200,67.864953
189.300,67.908302
189.400,67.951652
189.500,67.995001
189.600,68.038351
189.700,68.081700
189.800,68.125050
189.900,68.168399
190.000,68.211749
190.100,68.255098
190.200,68.298448
190.300,68.341797
190.400,68.385147
190.500,68.428496
190.600,68.471846
190.700,68.515195
190.800,68.558545
190.900,68.601894
191.000,68.645244
191.100,68.688593
191.200,68.731943
191.300,68.775292
191.400,68.818642
191.500,68.861991
191.600,68.905341
191.700,68.948690
191.800,68.992040
191.900,69.035389
192.000,69.078739
192.100,69.122088
192.200,69.165438
192.300,69.208787
192.400,69.252137
192.500,69.295486
192.600,69.338835
192.700,69.382185
192.800,69.425534
192.900,69.468884
193.000,69.512233
193.100,69.555583
193.200,69.598932
193.300,69.642282
193.400,69.685631
193.500,69.728981
193.600,69.772330
193.700,69.815680
193.800,69.859029
193.900,69.902379
194.000,69.945728
194.100,69.989078
194.200,70.032427
194.300,70.075777
194.400,70.119126
194.500,70.162476
194.600,70.205825
194.700,70.249175
194.800,70.292524
194.900,70.335874
195.000,70.379223
195.100,70.422573
195.200,70.465922
195.300,70.509272
195.400,70.552621
195.500,70.595971
195.600,70.639320
195.700,70.682670
195.800,70.726019
195.900,70.769369
196.000,70.812718
196.100,70.856068
196.200,70.899417
196.300,70.942767
196.400,70.986116
196.500,71.029466
196.600,71.072815
196.700,71.116165
196.800,71.159514
196.900,71.202864
197.000,71.246213
197.100,71.289563
197.200,71.332912
197.300,71.376262
197.400,71.419611
197.500,71.462961
197.600,71.506310
197.700,71.549660
197.800,71.593009
197.900,71.636358
198.000,71.679708
198.100,71.723057
198.200,71.766407
198.300,71.809756
198.400,71.853106
198.500,71.896455
198.600,71.939805
198.700,71.983154
198.800,72.026504
198.900,72.069853
199.000,72.113203
199.100,72.156552
199.200,72.199902
199.300,72.243251
199.400,72.286601
199.500,72.329950
199.600,72.373300
199.700,72.416649
199.800,72.459999
199.900,72.503348
200.000,72.546698
200.100,72.590047
200.200,72.633397
200.300,72.676746
200.400,72.720096
200.500,72.763445
200.600,72.806795
200.700,72.850144
200.800,72.893494
200.900,72.936843
201.000,72.980193
201.100,73.023542
201.200,73.066892
201.300,73.110241
201.400,73.153591
201.500,73.196940
201.600,73.240290
201.700,73.283639
201.800,73.326989
201.900,73.370338
202.000,73.413688
202.100,73.457037
202.200,73.500387
202.300,73.543736
202.400,73.587086
202.500,73.630435
202.600,73.673785
202.700,73.717134
202.800,73.760484
202.900,73.803833
203.000,73.847183
203.100,73.890532
203.200,73.933881
203.300,73.977231
203.400,74.020580
203.500,74.063930
203.600,74.107279
203.700,74.150629
203.800,74.193978
203.900,74.237328
204.000,74.280677
204.100,74.324027
204.200,74.367376
204.300,74.410726
204.400,74.454075
204.500,74.497425
204.600,74.540774
204.700,74.584124
204.800,74.627473
204.900,74.670823
205.000,74.714172
205.100,74.757522
205.200,74.800871
205.300,74.844221
205.400,74.887570
205.500,74.930920
205.600,74.974269
205.700,75.017619
205.800,75.060968
205.900,75.104318
206.000,75.147667
206.100,75.191017
206.200,75.234366
206.300,75.277716
206.400,75.321065
206.500,75.364415
206.600,75.407764
206.700,75.451114
206.800,75.494463
206.900,75.537813
207.000,75.581162
207.100,75.624512
207.200,75.667861
207.300,75.711211
207.400,75.754560
207.500,75.797910
207.600,75.841259
207.700,75.884609
207.800,75.927958
207.900,75.971308
208.000,76.014657
208.100,76.058007
208.200,76.101356
208.300,76.144706
208.400,76.188055
208.500,76.231404
208.600,76.274754
208.700,76.318103
208.800,76.361453
208.900,76.404802
209.000,76.448152
209.100,76.491501
209.200,76.534851
209.300,76.578200
209.400,76.621550
209.500,76.664899
209.600,76.708249
209.700,76.751598
209.800,76.794948
209.900,76.838297
210.000,76.881647
210.100,76.924996
210.200,76.968346
210.300,77.011695
210.400,77.055045
210.500,77.098394
210.600,77.141744
210.700,77.185093
210.800,77.228443
210.900,77.271792
211.000,77.315142
211.100,77.358491
211.200,77.401841
211.300,77.445190
211.400,77.488540
211.500,77.531889
211.600,77.575239
211.700,77.618588
211.800,77.661938
211.900,77.705287
212.000,77.748637
212.100,77.791986
212.200,77.835336
212.300,77.878685
212.400,77.922035
212.500,77.965384
212.600,78.008734
212.700,78.052083
212.800,78.095433
212.900,78.138782
213.000,78.182132
213.100,78.225481
213.200,78.268831
213.300,78.312180
213.400,78.355530
213.500,78.398879
213.600,78.442229
213.700,78.485578
213.800,78.528927
213.900,78.572277
214.000,78.615626
214.100,78.658976
214.200,78.702325
214.300,78.745675
214.400,78.789024
214.500,78.832374
214.600,78.875723
214.700,78.919073
214.800,78.962422
214.900,79.005772
215.000,79.049121
215.100,79.092471
215.200,79.135820
215.300,79.179170
215.400,79.222519
215.500,79.265869
215.600,79.309218
215.700,79.352568
215.800,79.395917
215.900,79.439267
216.000,79.482616
216.100,79.525966
216.200,79.569315
216.300,79.612665
216.400,79.656014
216.500,79.699364
216.600,79.742713
216.700,79.786063
216.800,79.829412
216.900,79.872762
217.000,79.916111
217.100,79.959461
217.200,80.002810
217.300,80.046160
217.400,80.089509
217.500,80.132859
217.600,80.176208
217.700,80.219558
217.800,80.262907
217.900,80.306257
218.000,80.349606
218.100,80.392956
218.200,80.436305
218.300,80.479655
218.400,80.523004
218.500,80.566354
218.600,80.609703
218.700,80.653053
218.800,80.696402
218.900,80.739752
219.000,80.783101
219.100,80.826450
219.200,80.869800
219.300,80.913149
219.400,80.956499
219.500,80.999848
219.600,81.043198
219.700,81.086547
219.800,81.129897
219.900,81.173246
220.000,81.216596
220.100,81.259945
220.200,81.303295
220.300,81.346644
220.400,81.389994
220.500,81.433343
220.600,81.476693
220.700,81.520042
220.800,81.563392
220.900,81.606741
221.000,81.650091
221.100,81.693440
221.200,81.736790
221.300,81.780139
221.400,81.823489
221.500,81.866838
221.600,81.910188
221.700,81.953537
221.800,81.996887
221.900,82.040236
222.000,82.083586
222.100,82.126935
222.200,82.170285
222.300,82.213634
222.400,82.256984
222.500,82.300333
222.600,82.343683
222.700,82.387032
222.800,82.430382
222.900,82.473731
223.000,82.517081
223.100,82.560430
223.200,82.603780
223.300,82.647129
223.400,82.690479
223.500,82.733828
223.600,82.777178
223.700,82.820527
223.800,82.863877
223.900,82.907226
224.000,82.950576
224.100,82.993925
224.200,83.037275
224.300,83.080624
224.400,83.123973
224.500,83.167323
224.600,83.210672
224.700,83.254022
224.800,83.297371
224.900,83.340721
225.000,83.384070
225.100,83.427420
225.200,83.470769
225.300,83.514119
225.400,83.557468
225.500,83.600818
225.600,83.644167
225.700,83.687517
225.800,83.730866
225.900,83.774216
226.000,83.817565
226.100,83.860915
226.200,83.904264
226.300,83.947614
226.400,83.990963
226.500,84.034313
226.600,84.077662
226.700,84.121012
226.800,84.164361
226.900,84.207711
227.000,84.251060
227.100,84.294410
227.200,84.337759
227.300,84.381109
227.400,84.424458
227.500,84.467808
227.600,84.511157
227.700,84.554507
227.800,84.597856
227.900,84.641206
228.000,84.684555
228.100,84.727905
228.200,84.771254
228.300,84.814604
228.400,84.857953
228.500,84.901303
228.600,84.944652
228.700,84.988002
228.800,85.031351
228.900,85.074701
229.000,85.118050
229.100,85.161400
229.200,85.204749
229.300,85.248099
229.400,85.291448
229.500,85.334798
229.600,85.378147
229.700,85.421496
229.800,85.464846
229.900,85.508195
230.000,85.551545
230.100,85.594894
230.200,85.638244
230.300,85.681593
230.400,85.724943
230.500,85.768292
230.600,85.811642
230.700,85.854991
230.800,85.898341
230.900,85.941690
231.000,85.985040
231.100,86.028389
231.200,86.071739
231.300,86.115088
231.400,86.158438
231.500,86.201787
231.600,86.245137
231.700,86.288486
231.800,86.331836
231.900,86.375185
232.000,86.418535
232.100,86.461884
232.200,86.505234
232.300,86.548583
232.400,86.591933
232.500,86.635282
232.600,86.678632
232.700,86.721981
232.800,86.765331
232.900,86.808680
233.000,86.852030
233.100,86.895379
233.200,86.938729
233.300,86.982078
233.400,87.025428
233.500,87.068777
233.600,87.112127
233.700,87.155476
233.800,87.198826
233.900,87.242175
234.000,87.285525
234.100,87.328874
234.200,87.372224
234.300,87.415573
234.400,87.458923
234.500,87.502272
234.600,87.545622
234.700,87.588971
234.800,87.632321
234.900,87.675670
235.000,87.719019
235.100,87.762369
235.200,87.805718
235.300,87.849068
235.400,87.892417
235.500,87.935767
235.600,87.979116
235.700,88.022466
235.800,88.065815
235.900,88.109165
236.000,88.152514
236.100,88.195864
236.200,88.239213
236.300,88.282563
236.400,88.325912
236.500,88.369262
236.600,88.412611
236.700,88.455961
236.800,88.499310
236.900,88.542660
237.000,88.586009
237.100,88.629359
237.200,88.672708
237.300,88.716058
237.400,88.759407
237.500,88.802757
237.600,88.846106
237.700,88.889456
237.800,88.932805
237.900,88.976155
238.000,89.019504
238.100,89.062854
238.200,89.106203
238.300,89.149553
238.400,89.192902
238.500,89.236252
238.600,89.279601
238.700,89.322951
238.800,89.366300
238.900,89.409650
239.000,89.452999
239.100,89.496349
239.200,89.539698
239.300,89.583048
239.400,89.626397
239.500,89.669747
239.600,89.713096
239.700,89.756446
239.800,89.799795
239.900,89.843145
240.000,89.886494
240.100,89.929844
240.200,89.973193
240.300,90.016542
240.400,90.059892
240.500,90.103241
240.600,90.146591
240.700,90.189940
240.800,90.233290
240.900,90.276639
241.000,90.319989
241.100,90.363338
241.200,90.406688
241.300,90.450037
241.400,90.493387
241.500,90.536736
241.600,90.580086
241.700,90.623435
241.800,90.666785
241.900,90.710134
242.000,90.753484
242.100,90.796833
242.200,90.840183
242.300,90.883532
242.400,90.926882
242.500,90.970231
242.600,91.013581
242.700,91.056930
242.800,91.100280
242.900,91.143629
243.000,91.186979
243.100,91.230328
243.200,91.273678
243.300,91.317027
243.400,91.360377
243.500,91.403726
243.600,91.447076
243.700,91.490425
243.800,91.533775
243.900,91.577124
244.000,91.620474
244.100,91.663823
244.200,91.707173
244.300,91.750522
244.400,91.793872
244.500,91.837221
244.600,91.880571
244.700,91.923920
244.800,91.967270
244.900,92.010619
245.000,92.053969
245.100,92.097318
245.200,92.140668
245.300,92.184017
245.400,92.227367
245.500,92.270716
245.600,92.314065
245.700,92.357415
245.800,92.400764
245.900,92.444114
246.000,92.487463
246.100,92.530813
246.200,92.574162
246.300,92.617512
246.400,92.660861
246.500,92.704211
246.600,92.747560
246.700,92.790910
246.800,92.834259
246.900,92.877609
247.000,92.920958
247.100,92.964308
247.200,93.007657
247.300,93.051007
247.400,93.094356
247.500,93.137706
247.600,93.181055
247.700,93.224405
247.800,93.267754
247.900,93.311104
248.000,93.354453
248.100,93.397803
248.200,93.441152
248.300,93.484502
248.400,93.527851
248.500,93.571201
248.600,93.614550
248.700,93.657900
248.800,93.701249
248.900,93.744599
249.000,93.787948
249.100,93.831298
249.200,93.874647
249.300,93.917997
249.400,93.961346
249.500,94.004696
249.600,94.048045
249.700,94.091395
249.800,94.134744
249.900,94.178094
250.000,94.221443
250.100,94.264793
250.200,94.308142
250.300,94.351492
250.400,94.394841
250.500,94.438191
250.600,94.481540
250.700,94.524890
250.800,94.568239
250.900,94.611588
251.000,94.654938
251.100,94.698287
251.200,94.741637
251.300,94.784986
251.400,94.828336
251.500,94.871685
251.600,94.915035
251.700,94.958384
251.800,95.001734
251.900,95.045083
252.000,95.088433
252.100,95.131782
252.200,95.175132
252.300,95.218481
252.400,95.261831
252.500,95.305180
252.600,95.348530
252.700,95.391879
252.800,95.435229
252.900,95.478578
253.000,95.521928
253.100,95.565277
253.200,95.608627
253.300,95.651976
253.400,95.695326
253.500,95.738675
253.600,95.782025
253.700,95.825374
253.800,95.868724
253.900,95.912073
254.000,95.955423
254.100,95.998772
254.200,96.042122
254.300,96.085471
254.400,96.128821
254.500,96.172170
254.600,96.215520
254.700,96.258869
254.800,96.302219
254.900,96.345568
255.000,96.388918
255.100,96.432267
255.200,96.475617
255.300,96.518966
255.400,96.562316
255.500,96.605665
255.600,96.649015
255.700,96.692364
255.800,96.735714
255.900,96.779063
256.000,96.822413
256.100,96.865762
256.200,96.909111
256.300,96.952461
256.400,96.995810
256.500,97.039160
256.600,97.082509
256.700,97.125859
256.800,97.169208
256.900,97.212558
257.000,97.255907
257.100,97.299257
257.200,97.342606
257.300,97.385956
257.400,97.429305
257.500,97.472655
257.600,97.516004
257.700,97.559354
257.800,97.602703
257.900,97.646053
258.000,97.689402
258.100,97.732752
258.200,97.776101
258.300,97.819451
258.400,97.862800
258.500,97.906150
258.600,97.949499
258.700,97.992849
258.800,98.036198
258.900,98.079548
259.000,98.122897
259.100,98.166247
259.200,98.209596
259.300,98.252946
259.400,98.296295
259.500,98.339645
259.600,98.382994
259.700,98.426344
259.800,98.469693
259.900,98.513043
260.000,98.556392
260.100,98.599742
260.200,98.643091
260.300,98.686441
260.400,98.729790
260.500,98.773140
260.600,98.816489
260.700,98.859839
260.800,98.903188
260.900,98.946538
261.000,98.989887
261.100,99.033237
261.200,99.076586
261.300,99.119936
261.400,99.163285
261.500,99.206634
261.600,99.249984
261.700,99.293333
261.800,99.336683
261.900,99.380032
262.000,99.423382
262.100,99.466731
262.200,99.510081
262.300,99.553430
262.400,99.596780
262.500,99.640129
262.600,99.683479
262.700,99.726828
262.800,99.770178
262.900,99.813527
263.000,99.856877
263.100,99.900226
263.200,99.943576
263.300,99.986925
263.400,100.030275
263.500,100.073624
263.600,100.116974
263.700,100.160323
263.800,100.203673
263.900,100.247022
264.000,100.290372
264.100,100.333721
264.200,100.377071
264.300,100.420420
264.400,100.463770
264.500,100.507119
264.600,100.550469
264.700,100.593818
264.800,100.637168
264.900,100.680517
265.000,100.723867
265.100,100.767216
265.200,100.810566
265.300,100.853915
265.400,100.897265
265.500,100.940614
265.600,100.983964
265.700,101.027313
265.800,101.070663
265.900,101.114012
266.000,101.157362
266.100,101.200711
266.200,101.244061
266.300,101.287410
266.400,101.330760
266.500,101.374109
266.600,101.417459
266.700,101.460808
266.800,101.504157
266.900,101.547507
267.000,101.590856
267.100,101.634206
267.200,101.677555
267.300,101.720905
267.400,101.764254
267.500,101.807604
267.600,101.850953
267.700,101.894303
267.800,101.937652
267.900,101.981002
268.000,102.024351
268.100,102.067701
268.200,102.111050
268.300,102.154400
268.400,102.197749
268.500,102.241099
268.600,102.284448
268.700,102.327798
268.800,102.371147
268.900,102.414497
269.000,102.457846
269.100,102.501196
269.200,102.544545
269.300,102.587895
269.400,102.631244
269.500,102.674594
269.600,102.717943
269.700,102.761293
269.800,102.804642
269.900,102.847992
270.000,102.891341
270.100,102.934691
270.200,102.978040
270.300,103.021390
270.400,103.064739
270.500,103.108089
270.600,103.151438
270.700,103.194788
270.800,103.238137
270.900,103.281487
271.000,103.324836
271.100,103.368186
271.200,103.411535
271.300,103.454885
271.400,103.498234
271.500,103.541584
271.600,103.584933
271.700,103.628283
271.800,103.671632
271.900,103.714982
272.000,103.758331
272.100,103.801680
272.200,103.845030
272.300,103.888379
272.400,103.931729
272.500,103.975078
272.600,104.018428
272.700,104.061777
272.800,104.105127
272.900,104.148476
273.000,104.191826
273.100,104.235175
273.200,104.278525
273.300,104.321874
273.400,104.365224
273.500,104.408573
273.600,104.451923
273.700,104.495272
273.800,104.538622
273.900,104.581971
274.000,104.625321
274.100,104.668670
274.200,104.712020
274.300,104.755369
274.400,104.798719
274.500,104.842068
274.600,104.885418
274.700,104.928767
274.800,104.972117
274.900,105.015466
275.000,105.058816
275.100,105.102165
275.200,105.145515
275.300,105.188864
275.400,105.232214
275.500,105.275563
275.600,105.318913
275.700,105.362262
275.800,105.405612
275.900,105.448961
276.000,105.492311
276.100,105.535660
276.200,105.579010
276.300,105.622359
276.400,105.665709
276.500,105.709058
276.600,105.752408
276.700,105.795757
276.800,105.839107
276.900,105.882456
277.000,105.925806
277.100,105.969155
277.200,106.012505
277.300,106.055854
277.400,106.099203
277.500,106.142553
277.600,106.185902
277.700,106.229252
277.800,106.272601
277.900,106.315951
278.000,106.359300
278.100,106.402650
278.200,106.445999
278.300,106.489349
278.400,106.532698
278.500,106.576048
278.600,106.619397
278.700,106.662747
278.800,106.706096
278.900,106.749446
279.000,106.792795
279.100,106.836145
279.200,106.879494
279.300,106.922844
279.400,106.966193
279.500,107.009543
279.600,107.052892
279.700,107.096242
279.800,107.139591
279.900,107.182941
280.000,107.226290
280.100,107.269640
280.200,107.312989
280.300,107.356339
280.400,107.399688
280.500,107.443038
280.600,107.486387
280.700,107.529737
280.800,107.573086
280.900,107.616436
281.000,107.659785
281.100,107.703135
281.200,107.746484
281.300,107.789834
281.400,107.833183
281.500,107.876533
281.600,107.919882
281.700,107.963232
281.800,108.006581
281.900,108.049931
282.000,108.093280
282.100,108.136630
282.200,108.179979
282.300,108.223329
282.400,108.266678
282.500,108.310028
282.600,108.353377
282.700,108.396726
282.800,108.440076
282.900,108.483425
283.000,108.526775
283.100,108.570124
283.200,108.613474
283.300,108.656823
283.400,108.700173
283.500,108.743522
283.600,108.786872
283.700,108.830221
283.800,108.873571
283.900,108.916920
284.000,108.960270
284.100,109.003619
284.200,109.046969
284.300,109.090318
284.400,109.133668
284.500,109.177017
284.600,109.220367
284.700,109.263716
284.800,109.307066
284.900,109.350415
285.000,109.393765
285.100,109.437114
285.200,109.480464
285.300,109.523813
285.400,109.567163
285.500,109.610512
285.600,109.653862
285.700,109.697211
285.800,109.740561
285.900,109.783910
286.000,109.827260
286.100,109.870609
286.200,109.913959
286.300,109.957308
286.400,110.000658
286.500,110.044007
286.600,110.087357
286.700,110.130706
286.800,110.174056
286.900,110.217405
287.000,110.260755
287.100,110.304104
287.200,110.347454
287.300,110.390803
287.400,110.434153
287.500,110.477502
287.600,110.520852
287.700,110.564201
287.800,110.607551
287.900,110.650900
288.000,110.694249
288.100,110.737599
288.200,110.780948
288.300,110.824298
288.400,110.867647
288.500,110.910997
288.600,110.954346
288.700,110.997696
288.800,111.041045
288.900,111.084395
289.000,111.127744
289.100,111.171094
289.200,111.214443
289.300,111.257793
289.400,111.301142
289.500,111.344492
289.600,111.387841
289.700,111.431191
289.800,111.474540
289.900,111.517890
290.000,111.561239
290.100,111.604589
290.200,111.647938
290.300,111.691288
290.400,111.734637
290.500,111.777987
290.600,111.821336
290.700,111.864686
290.800,111.908035
290.900,111.951385
291.000,111.994734
291.100,112.038084
291.200,112.081433
291.300,112.124783
291.400,112.168132
291.500,112.211482
291.600,112.254831
291.700,112.298181
291.800,112.341530
291.900,112.384880
292.000,112.428229
292.100,112.471579
292.200,112.514928
292.300,112.558278
292.400,112.601627
292.500,112.644977
292.600,112.688326
292.700,112.731676
292.800,112.775025
292.900,112.818375
293.000,112.861724
293.100,112.905074
293.200,112.948423
293.300,112.991772
293.400,113.035122
293.500,113.078471
293.600,113.121821
293.700,113.165170
293.800,113.208520
293.900,113.251869
294.000,113.295219
294.100,113.338568
294.200,113.381918
294.300,113.425267
294.400,113.468617
294.500,113.511966
294.600,113.555316
294.700,113.598665
294.800,113.642015
294.900,113.685364
295.000,113.728714
295.100,113.772063
295.200,113.815413
295.300,113.858762
295.400,113.902112
295.500,113.945461
295.600,113.988811
295.700,114.032160
295.800,114.075510
295.900,114.118859
296.000,114.162209
296.100,114.205558
296.200,114.248908
296.300,114.292257
296.400,114.335607
296.500,114.378956
296.600,114.422306
296.700,114.465655
296.800,114.509005
296.900,114.552354
297.000,114.595704
297.100,114.639053
297.200,114.682403
297.300,114.725752
297.400,114.769102
297.500,114.812451
297.600,114.855801
297.700,114.899150
297.800,114.942500
297.900,114.985849
298.000,115.029199
298.100,115.072548
298.200,115.115898
298.300,115.159247
298.400,115.202597
298.500,115.245946
298.600,115.289295
298.700,115.332645
298.800,115.375994
298.900,115.419344
299.000,115.462693
299.100,115.506043
299.200,115.549392
299.300,115.592742
299.400,115.636091
299.500,115.679441
299.600,115.722790
299.700,115.766140
299.800,115.809489
299.900,115.852839
300.000,115.896188
300.100,115.939538
300.200,115.982887
300.300,116.026237
300.400,116.069586
300.500,116.112936
300.600,116.156285
300.700,116.199635
300.800,116.242984
300.900,116.286334
301.000,116.329683
301.100,116.373033
301.200,116.416382
301.300,116.459732
301.400,116.503081
301.500,116.546431
301.600,116.589780
301.700,116.633130
301.800,116.676479
301.900,116.719829
302.000,116.763178
302.100,116.806528
302.200,116.849877
302.300,116.893227
302.400,116.936576
302.500,116.979926
302.600,117.023275
302.700,117.066625
302.800,117.109974
302.900,117.153324
303.000,117.196673
303.100,117.240023
303.200,117.283372
303.300,117.326722
303.400,117.370071
303.500,117.413421
303.600,117.456770
303.700,117.500120
303.800,117.543469
303.900,117.586818
304.000,117.630168
304.100,117.673517
304.200,117.716867
304.300,117.760216
304.400,117.803566
304.500,117.846915
304.600,117.890265
304.700,117.933614
304.800,117.976964
304.900,118.020313
305.000,118.063663
305.100,118.107012
305.200,118.150362
305.300,118.193711
305.400,118.237061
305.500,118.280410
305.600,118.323760
305.700,118.367109
305.800,118.410459
305.900,118.453808
306.000,118.497158
306.100,118.540507
306.200,118.583857
306.300,118.627206
306.400,118.670556
306.500,118.713905
306.600,118.757255
306.700,118.800604
306.800,118.843954
306.900,118.887303
307.000,118.930653
307.100,118.974002
307.200,119.017352
307.300,119.060701
307.400,119.104051
307.500,119.147400
307.600,119.190750
307.700,119.234099
307.800,119.277449
307.900,119.320798
308.000,119.364148
308.100,119.407497
308.200,119.450847
308.300,119.494196
308.400,119.537546
308.500,119.580895
308.600,119.624245
308.700,119.667594
308.800,119.710944
308.900,119.754293
309.000,119.797643
309.100,119.840992
309.200,119.884341
309.300,119.927691
309.400,119.971040
309.500,120.014390
309.600,120.057739
309.700,120.101089
309.800,120.144438
309.900,120.187788
310.000,120.231137
310.100,120.274487
310.200,120.317836
310.300,120.361186
310.400,120.404535
310.500,120.447885
310.600,120.491234
310.700,120.534584
310.800,120.577933
310.900,120.621283
311.000,120.664632
311.100,120.707982
311.200,120.751331
311.300,120.794681
311.400,120.838030
311.500,120.881380
311.600,120.924729
311.700,120.968079
311.800,121.011428
311.900,121.054778
312.000,121.098127
312.100,121.141477
312.200,121.184826
312.300,121.228176
312.400,121.271525
312.500,121.314875
312.600,121.358224
312.700,121.401574
312.800,121.444923
312.900,121.488273
313.000,121.531622
313.100,121.574972
313.200,121.618321
313.300,121.661671
313.400,121.705020
313.500,121.748370
313.600,121.791719
313.700,121.835069
313.800,121.878418
313.900,121.921768
314.000,121.965117
314.100,122.008467
314.200,122.051816
314.300,122.095166
314.400,122.138515
314.500,122.181864
314.600,122.225214
314.700,122.268563
314.800,122.311913
314.900,122.355262
315.000,122.398612
315.100,122.441961
315.200,122.485311
315.300,122.528660
315.400,122.572010
315.500,122.615359
315.600,122.658709
315.700,122.702058
315.800,122.745408
315.900,122.788757
316.000,122.832107
316.100,122.875456
316.200,122.918806
316.300,122.962155
316.400,123.005505
316.500,123.048854
316.600,123.092204
316.700,123.135553
316.800,123.178903
316.900,123.222252
317.000,123.265602
317.100,123.308951
317.200,123.352301
317.300,123.395650
317.400,123.439000
317.500,123.482349
317.600,123.525699
317.700,123.569048
317.800,123.612398
317.900,123.655747
318.000,123.699097
318.100,123.742446
318.200,123.785796
318.300,123.829145
318.400,123.872495
318.500,123.915844
318.600,123.959194
318.700,124.002543
318.800,124.045893
318.900,124.089242
319.000,124.132592
319.100,124.175941
319.200,124.219291
319.300,124.262640
319.400,124.305990
319.500,124.349339
319.600,124.392689
319.700,124.436038
319.800,124.479387
319.900,124.522737
320.000,124.566086
320.100,124.609436
320.200,124.652785
320.300,124.696135
320.400,124.739484
320.500,124.782834
320.600,124.826183
320.700,124.869533
320.800,124.912882
320.900,124.956232
321.000,124.999581
321.100,125.042931
321.200,125.086280
321.300,125.129630
321.400,125.172979
321.500,125.216329
321.600,125.259678
321.700,125.303028
321.800,125.346377
321.900,125.389727
322.000,125.433076
322.100,125.476426
322.200,125.519775
322.300,125.563125
322.400,125.606474
322.500,125.649824
322.600,125.693173
322.700,125.736523
322.800,125.779872
322.900,125.823222
323.000,125.866571
323.100,125.909921
323.200,125.953270
323.300,125.996620
323.400,126.039969
323.500,126.083319
323.600,126.126668
323.700,126.170018
323.800,126.213367
323.900,126.256717
324.000,126.300066
324.100,126.343416
324.200,126.386765
324.300,126.430115
324.400,126.473464
324.500,126.516814
324.600,126.560163
324.700,126.603513
324.800,126.646862
324.900,126.690212
325.000,126.733561
325.100,126.776910
325.200,126.820260
325.300,126.863609
325.400,126.906959
325.500,126.950308
325.600,126.993658
325.700,127.037007
325.800,127.080357
325.900,127.123706
326.000,127.167056
326.100,127.210405
326.200,127.253755
326.300,127.297104
326.400,127.340454
326.500,127.383803
326.600,127.427153
326.700,127.470502
326.800,127.513852
326.900,127.557201
327.000,127.600551
327.100,127.643900
327.200,127.687250
327.300,127.730599
327.400,127.773949
327.500,127.817298
327.600,127.860648
327.700,127.903997
327.800,127.947347
327.900,127.990696
328.000,128.034046
328.100,128.077395
328.200,128.120745
328.300,128.164094
328.400,128.207444
328.500,128.250793
328.600,128.294143
328.700,128.337492
328.800,128.380842
328.900,128.424191
329.000,128.467541
329.100,128.510890
329.200,128.554240
329.300,128.597589
329.400,128.640939
329.500,128.684288
329.600,128.727638
329.700,128.770987
329.800,128.814337
329.900,128.857686
330.000,128.901036
330.100,128.944385
330.200,128.987735
330.300,129.031084
330.400,129.074433
330.500,129.117783
330.600,129.161132
330.700,129.204482
330.800,129.247831
330.900,129.291181
331.000,129.334530
331.100,129.377880
331.200,129.421229
331.300,129.464579
331.400,129.507928
331.500,129.551278
331.600,129.594627
331.700,129.637977
331.800,129.681326
331.900,129.724676
332.000,129.768025
332.100,129.811375
332.200,129.854724
332.300,129.898074
332.400,129.941423
332.500,129.984773
332.600,130.028122
332.700,130.071472
332.800,130.114821
332.900,130.158171
333.000,130.201520
333.100,130.244870
333.200,130.288219
333.300,130.331569
333.400,130.374918
333.500,130.418268
333.600,130.461617
333.700,130.504967
333.800,130.548316
333.900,130.591666
334.000,130.635015
334.100,130.678365
334.200,130.721714
334.300,130.765064
334.400,130.808413
334.500,130.851763
334.600,130.895112
334.700,130.938462
334.800,130.981811
334.900,131.025161
335.000,131.068510
335.100,131.111860
335.200,131.155209
335.300,131.198559
335.400,131.241908
335.500,131.285258
335.600,131.328607
335.700,131.371956
335.800,131.415306
335.900,131.458655
336.000,131.502005
336.100,131.545354
336.200,131.588704
336.300,131.632053
336.400,131.675403
336.500,131.718752
336.600,131.762102
336.700,131.805451
336.800,131.848801
336.900,131.892150
337.000,131.935500
337.100,131.978849
337.200,132.022199
337.300,132.065548
337.400,132.108898
337.500,132.152247
337.600,132.195597
337.700,132.238946
337.800,132.282296
337.900,132.325645
338.000,132.368995
338.100,132.412344
338.200,132.455694
338.300,132.499043
338.400,132.542393
338.500,132.585742
338.600,132.629092
338.700,132.672441
338.800,132.715791
338.900,132.759140
339.000,132.802490
339.100,132.845839
339.200,132.889189
339.300,132.932538
339.400,132.975888
339.500,133.019237
339.600,133.062587
339.700,133.105936
339.800,133.149286
339.900,133.192635
340.000,133.235985
340.100,133.279334
340.200,133.322684
340.300,133.366033
340.400,133.409383
340.500,133.452732
340.600,133.496082
340.700,133.539431
340.800,133.582781
340.900,133.626130
341.000,133.669479
341.100,133.712829
341.200,133.756178
341.300,133.799528
341.400,133.842877
341.500,133.886227
341.600,133.929576
341.700,133.972926
341.800,134.016275
341.900,134.059625
342.000,134.102974
342.100,134.146324
342.200,134.189673
342.300,134.233023
342.400,134.276372
342.500,134.319722
342.600,134.363071
342.700,134.406421
342.800,134.449770
342.900,134.493120
343.000,134.536469
343.100,134.579819
343.200,134.623168
343.300,134.666518
343.400,134.709867
343.500,134.753217
343.600,134.796566
343.700,134.839916
343.800,134.883265
343.900,134.926615
344.000,134.969964
344.100,135.013314
344.200,135.056663
344.300,135.100013
344.400,135.143362
344.500,135.186712
344.600,135.230061
344.700,135.273411
344.800,135.316760
344.900,135.360110
345.000,135.403459
345.100,135.446809
345.200,135.490158
345.300,135.533508
345.400,135.576857
345.500,135.620207
345.600,135.663556
345.700,135.706906
345.800,135.750255
345.900,135.793605
346.000,135.836954
346.100,135.880304
346.200,135.923653
346.300,135.967002
346.400,136.010352
346.500,136.053701
346.600,136.097051
346.700,136.140400
346.800,136.183750
346.900,136.227099
347.000,136.270449
347.100,136.313798
347.200,136.357148
347.300,136.400497
347.400,136.443847
347.500,136.487196
347.600,136.530546
347.700,136.573895
347.800,136.617245
347.900,136.660594
348.000,136.703944
348.100,136.747293
348.200,136.790643
348.300,136.833992
348.400,136.877342
348.500,136.920691
348.600,136.964041
348.700,137.007390
348.800,137.050740
348.900,137.094089
349.000,137.137439
349.100,137.180788
349.200,137.224138
349.300,137.267487
349.400,137.310837
349.500,137.354186
349.600,137.397536
349.700,137.440885
349.800,137.484235
349.900,137.527584
350.000,137.570934
350.100,137.614283
350.200,137.657633
350.300,137.700982
350.400,137.744332
350.500,137.787681
350.600,137.831031
350.700,137.874380
350.800,137.917730
350.900,137.961079
351.000,138.004429
351.100,138.047778
351.200,138.091128
351.300,138.134477
351.400,138.177827
351.500,138.221176
351.600,138.264525
351.700,138.307875
351.800,138.351224
351.900,138.394574
352.000,138.437923
352.100,138.481273
352.200,138.524622
352.300,138.567972
352.400,138.611321
352.500,138.654671
352.600,138.698020
352.700,138.741370
352.800,138.784719
352.900,138.828069
353.000,138.871418
353.100,138.914768
353.200,138.958117
353.300,139.001467
353.400,139.044816
353.500,139.088166
353.600,139.131515
353.700,139.174865
353.800,139.218214
353.900,139.261564
354.000,139.304913
354.100,139.348263
354.200,139.391612
354.300,139.434962
354.400,139.478311
354.500,139.521661
354.600,139.565010
354.700,139.608360
354.800,139.651709
354.900,139.695059
355.000,139.738408
355.100,139.781758
355.200,139.825107
355.300,139.868457
355.400,139.911806
355.500,139.955156
355.600,139.998505
355.700,140.041855
355.800,140.085204
355.900,140.128554
356.000,140.171903
356.100,140.215253
356.200,140.258602
356.300,140.301952
356.400,140.345301
356.500,140.388651
356.600,140.432000
356.700,140.475350
356.800,140.518699
356.900,140.562048
357.000,140.605398
357.100,140.648747
357.200,140.692097
357.300,140.735446
357.400,140.778796
357.500,140.822145
357.600,140.865495
357.700,140.908844
357.800,140.952194
357.900,140.995543
358.000,141.038893
358.100,141.082242
358.200,141.125592
358.300,141.168941
358.400,141.212291
358.500,141.255640
358.600,141.298990
358.700,141.342339
358.800,141.385689
358.900,141.429038
359.000,141.472388
359.100,141.515737
359.200,141.559087
359.300,141.602436
359.400,141.645786
359.500,141.689135
359.600,141.732485
359.700,141.775834
359.800,141.819184
359.900,141.862533
360.000,141.905883
360.100,141.949232
360.200,141.992582
360.300,142.035931
360.400,142.079281
360.500,142.122630
360.600,142.165980
360.700,142.209329
360.800,142.252679
360.900,142.296028
361.000,142.339378
361.100,142.382727
361.200,142.426077
361.300,142.469426
361.400,142.512776
361.500,142.556125
361.600,142.599475
361.700,142.642824
361.800,142.686174
361.900,142.729523
362.000,142.772873
362.100,142.816222
362.200,142.859571
362.300,142.902921
362.400,142.946270
362.500,142.989620
362.600,143.032969
362.700,143.076319
362.800,143.119668
362.900,143.163018
363.000,143.206367
363.100,143.249717
363.200,143.293066
363.300,143.336416
363.400,143.379765
363.500,143.423115
363.600,143.466464
363.700,143.509814
363.800,143.553163
363.900,143.596513
364.000,143.639862
364.100,143.683212
364.200,143.726561
364.300,143.769911
364.400,143.813260
364.500,143.856610
364.600,143.899959
364.700,143.943309
364.800,143.986658
364.900,144.030008
365.000,144.073357
365.100,144.116707
365.200,144.160056
365.300,144.203406
365.400,144.246755
365.500,144.290105
365.600,144.333454
365.700,144.376804
365.800,144.420153
365.900,144.463503
366.000,144.506852
366.100,144.550202
366.200,144.593551
366.300,144.636901
366.400,144.680250
366.500,144.723600
366.600,144.766949
366.700,144.810299
366.800,144.853648
366.900,144.896998
367.000,144.940347
367.100,144.983697
367.200,145.027046
367.300,145.070396
367.400,145.113745
367.500,145.157094
367.600,145.200444
367.700,145.243793
367.800,145.287143
367.900,145.330492
368.000,145.373842
368.100,145.417191
368.200,145.460541
368.300,145.503890
368.400,145.547240
368.500,145.590589
368.600,145.633939
368.700,145.677288
368.800,145.720638
368.900,145.763987
369.000,145.807337
369.100,145.850686
369.200,145.894036
369.300,145.937385
369.400,145.980735
369.500,146.024084
369.600,146.067434
369.700,146.110783
369.800,146.154133
369.900,146.197482
370.000,146.240832
370.100,146.284181
370.200,146.327531
370.300,146.370880
370.400,146.414230
370.500,146.457579
370.600,146.500929
370.700,146.544278
370.800,146.587628
370.900,146.630977
371.000,146.674327
371.100,146.717676
371.200,146.761026
371.300,146.804375
371.400,146.847725
371.500,146.891074
371.600,146.934424
371.700,146.977773
371.800,147.021123
371.900,147.064472
372.000,147.107822
372.100,147.151171
372.200,147.194521
372.300,147.237870
372.400,147.281220
372.500,147.324569
372.600,147.367919
372.700,147.411268
372.800,147.454617
372.900,147.497967
373.000,147.541316
373.100,147.584666
373.200,147.628015
373.300,147.671365
373.400,147.714714
373.500,147.758064
373.600,147.801413
373.700,147.844763
373.800,147.888112
373.900,147.931462
374.000,147.974811
374.100,148.018161
374.200,148.061510
374.300,148.104860
374.400,148.148209
374.500,148.191559
374.600,148.234908
374.700,148.278258
374.800,148.321607
374.900,148.364957
375.000,148.408306
375.100,148.451656
375.200,148.495005
375.300,148.538355
375.400,148.581704
375.500,148.625054
375.600,148.668403
375.700,148.711753
375.800,148.755102
375.900,148.798452
376.000,148.841801
376.100,148.885151
376.200,148.928500
376.300,148.971850
376.400,149.015199
376.500,149.058549
376.600,149.101898
376.700,149.145248
376.800,149.188597
376.900,149.231947
377.000,149.275296
377.100,149.318646
377.200,149.361995
377.300,149.405345
377.400,149.448694
377.500,149.492044
377.600,149.535393
377.700,149.578743
377.800,149.622092
377.900,149.665442
378.000,149.708791
378.100,149.752140
378.200,149.795490
378.300,149.838839
378.400,149.882189
378.500,149.925538
378.600,149.968888
378.700,150.012237
378.800,150.055587
378.900,150.098936
379.000,150.142286
379.100,150.185635
379.200,150.228985
379.300,150.272334
379.400,150.315684
379.500,150.359033
379.600,150.402383
379.700,150.445732
379.800,150.489082
379.900,150.532431
380.000,150.575781
380.100,150.619130
380.200,150.662480
380.300,150.705829
380.400,150.749179
380.500,150.792528
380.600,150.835878
380.700,150.879227
380.800,150.922577
380.900,150.965926
381.000,151.009276
381.100,151.052625
381.200,151.095975
381.300,151.139324
381.400,151.182674
381.500,151.226023
381.600,151.269373
381.700,151.312722
381.800,151.356072
381.900,151.399421
382.000,151.442771
382.100,151.486120
382.200,151.529470
382.300,151.572819
382.400,151.616169
382.500,151.659518
382.600,151.702868
382.700,151.746217
382.800,151.789567
382.900,151.832916
383.000,151.876266
383.100,151.919615
383.200,151.962965
383.300,152.006314
383.400,152.049663
383.500,152.093013
383.600,152.136362
383.700,152.179712
383.800,152.223061
383.900,152.266411
384.000,152.309760
384.100,152.353110
384.200,152.396459
384.300,152.439809
384.400,152.483158
384.500,152.526508
384.600,152.569857
384.700,152.613207
384.800,152.656556
384.900,152.699906
385.000,152.743255
385.100,152.786605
385.200,152.829954
385.300,152.873304
385.400,152.916653
385.500,152.960003
385.600,153.003352
385.700,153.046702
385.800,153.090051
385.900,153.133401
386.000,153.176750
386.100,153.220100
386.200,153.263449
386.300,153.306799
386.400,153.350148
386.500,153.393498
386.600,153.436847
386.700,153.480197
386.800,153.523546
386.900,153.566896
387.000,153.610245
387.100,153.653595
387.200,153.696944
387.300,153.740294
387.400,153.783643
387.500,153.826993
387.600,153.870342
387.700,153.913692
387.800,153.957041
387.900,154.000391
388.000,154.043740
388.100,154.087090
388.200,154.130439
388.300,154.173789
388.400,154.217138
388.500,154.260488
388.600,154.303837
388.700,154.347186
388.800,154.390536
388.900,154.433885
389.000,154.477235
389.100,154.520584
389.200,154.563934
389.300,154.607283
389.400,154.650633
389.500,154.693982
389.600,154.737332
389.700,154.780681
389.800,154.824031
389.900,154.867380
390.000,154.910730
390.100,154.954079
390.200,154.997429
390.300,155.040778
390.400,155.084128
390.500,155.127477
390.600,155.170827
390.700,155.214176
390.800,155.257526
390.900,155.300875
391.000,155.344225
391.100,155.387574
391.200,155.430924
391.300,155.474273
391.400,155.517623
391.500,155.560972
391.600,155.604322
391.700,155.647671
391.800,155.691021
391.900,155.734370
392.000,155.777720
392.100,155.821069
392.200,155.864419
392.300,155.907768
392.400,155.951118
392.500,155.994467
392.600,156.037817
392.700,156.081166
392.800,156.124516
392.900,156.167865
393.000,156.211215
393.100,156.254564
393.200,156.297914
393.300,156.341263
393.400,156.384613
393.500,156.427962
393.600,156.471312
393.700,156.514661
393.800,156.558011
393.900,156.601360
394.000,156.644709
394.100,156.688059
394.200,156.731408
394.300,156.774758
394.400,156.818107
394.500,156.861457
394.600,156.904806
394.700,156.948156
394.800,156.991505
394.900,157.034855
395.000,157.078204
395.100,157.121554
395.200,157.164903
395.300,157.208253
395.400,157.251602
395.500,157.294952
395.600,157.338301
395.700,157.381651
395.800,157.425000
395.900,157.468350
396.000,157.511699
396.100,157.555049
396.200,157.598398
396.300,157.641748
396.400,157.685097
396.500,157.728447
396.600,157.771796
396.700,157.815146
396.800,157.858495
396.900,157.901845
397.000,157.945194
397.100,157.988544
397.200,158.031893
397.300,158.075243
397.400,158.118592
397.500,158.161942
397.600,158.205291
397.700,158.248641
397.800,158.291990
397.900,158.335340
398.000,158.378689
398.100,158.422039
398.200,158.465388
398.300,158.508738
398.400,158.552087
398.500,158.595437
398.600,158.638786
398.700,158.682136
398.800,158.725485
398.900,158.768835
399.000,158.812184
399.100,158.855534
399.200,158.898883
399.300,158.942232
399.400,158.985582
399.500,159.028931
399.600,159.072281
399.700,159.115630
399.800,159.158980
399.900,159.202329
400.000,159.245679
400.100,159.289028
400.200,159.332378
400.300,159.375727
400.400,159.419077
400.500,159.462426
400.600,159.505776
400.700,159.549125
400.800,159.592475
400.900,159.635824
401.000,159.679174
401.100,159.722523
401.200,159.765873
401.300,159.809222
401.400,159.852572
401.500,159.895921
401.600,159.939271
401.700,159.982620
401.800,160.025970
401.900,160.069319
402.000,160.112669
402.100,160.156018
402.200,160.199368
402.300,160.242717
402.400,160.286067
402.500,160.329416
402.600,160.372766
402.700,160.416115
402.800,160.459465
402.900,160.502814
403.000,160.546164
403.100,160.589513
403.200,160.632863
403.300,160.676212
403.400,160.719562
403.500,160.762911
403.600,160.806261
403.700,160.849610
403.800,160.892960
403.900,160.936309
404.000,160.979659
404.100,161.023008
404.200,161.066358
404.300,161.109707
404.400,161.153057
404.500,161.196406
404.600,161.239755
404.700,161.283105
404.800,161.326454
404.900,161.369804
405.000,161.413153
405.100,161.456503
405.200,161.499852
405.300,161.543202
405.400,161.586551
405.500,161.629901
405.600,161.673250
405.700,161.716600
405.800,161.759949
405.900,161.803299
406.000,161.846648
406.100,161.889998
406.200,161.933347
406.300,161.976697
406.400,162.020046
406.500,162.063396
406.600,162.106745
406.700,162.150095
406.800,162.193444
406.900,162.236794
407.000,162.280143
407.100,162.323493
407.200,162.366842
407.300,162.410192
407.400,162.453541
407.500,162.496891
407.600,162.540240
407.700,162.583590
407.800,162.626939
407.900,162.670289
408.000,162.713638
408.100,162.756988
408.200,162.800337
408.300,162.843687
408.400,162.887036
408.500,162.930386
408.600,162.973735
408.700,163.017085
408.800,163.060434
408.900,163.103784
409.000,163.147133
409.100,163.190483
409.200,163.233832
409.300,163.277182
409.400,163.320531
409.500,163.363881
409.600,163.407230
409.700,163.450580
409.800,163.493929
409.900,163.537278
410.000,163.580628
410.100,163.623977
410.200,163.667327
410.300,163.710676
410.400,163.754026
410.500,163.797375
410.600,163.840725
410.700,163.884074
410.800,163.927424
410.900,163.970773
411.000,164.014123
411.100,164.057472
411.200,164.100822
411.300,164.144171
411.400,164.187521
411.500,164.230870
411.600,164.274220
411.700,164.317569
411.800,164.360919
411.900,164.404268
412.000,164.447618
412.100,164.490967
412.200,164.534317
412.300,164.577666
412.400,164.621016
412.500,164.664365
412.600,164.707715
412.700,164.751064
412.800,164.794414
412.900,164.837763
413.000,164.881113
413.100,164.924462
413.200,164.967812
413.300,165.011161
413.400,165.054511
413.500,165.097860
413.600,165.141210
413.700,165.184559
413.800,165.227909
413.900,165.271258
414.000,165.314608
414.100,165.357957
414.200,165.401307
414.300,165.444656
414.400,165.488006
414.500,165.531355
414.600,165.574705
414.700,165.618054
414.800,165.661404
414.900,165.704753
415.000,165.748103
415.100,165.791452
415.200,165.834801
415.300,165.878151
415.400,165.921500
415.500,165.964850
415.600,166.008199
415.700,166.051549
415.800,166.094898
415.900,166.138248
416.000,166.181597
416.100,166.224947
416.200,166.268296
416.300,166.311646
416.400,166.354995
416.500,166.398345
416.600,166.441694
416.700,166.485044
416.800,166.528393
416.900,166.571743
417.000,166.615092
417.100,166.658442
417.200,166.701791
417.300,166.745141
417.400,166.788490
417.500,166.831840
417.600,166.875189
417.700,166.918539
417.800,166.961888
417.900,167.005238
418.000,167.048587
418.100,167.091937
418.200,167.135286
418.300,167.178636
418.400,167.221985
418.500,167.265335
418.600,167.308684
418.700,167.352034
418.800,167.395383
418.900,167.438733
419.000,167.482082
419.100,167.525432
419.200,167.568781
419.300,167.612131
419.400,167.655480
419.500,167.698830
419.600,167.742179
419.700,167.785529
419.800,167.828878
419.900,167.872228
420.000,167.915577
420.100,167.958927
420.200,168.002276
420.300,168.045626
420.400,168.088975
420.500,168.132324
420.600,168.175674
420.700,168.219023
420.800,168.262373
420.900,168.305722
421.000,168.349072
421.100,168.392421
421.200,168.435771
421.300,168.479120
421.400,168.522470
421.500,168.565819
421.600,168.609169
421.700,168.652518
421.800,168.695868
421.900,168.739217
422.000,168.782567
422.100,168.825916
422.200,168.869266
422.300,168.912615
422.400,168.955965
422.500,168.999314
422.600,169.042664
422.700,169.086013
422.800,169.129363
422.900,169.172712
423.000,169.216062
423.100,169.259411
423.200,169.302761
423.300,169.346110
423.400,169.389460
423.500,169.432809
423.600,169.476159
423.700,169.519508
423.800,169.562858
423.900,169.606207
424.000,169.649557
424.100,169.692906
424.200,169.736256
424.300,169.779605
424.400,169.822955
424.500,169.866304
424.600,169.909654
424.700,169.953003
424.800,169.996353
424.900,170.039702
425.000,170.083052
425.100,170.126401
425.200,170.169751
425.300,170.213100
425.400,170.256450
425.500,170.299799
425.600,170.343149
425.700,170.386498
425.800,170.429847
425.900,170.473197
426.000,170.516546
426.100,170.559896
426.200,170.603245
426.300,170.646595
426.400,170.689944
426.500,170.733294
426.600,170.776643
426.700,170.819993
426.800,170.863342
426.900,170.906692
427.000,170.950041
427.100,170.993391
427.200,171.036740
427.300,171.080090
427.400,171.123439
427.500,171.166789
427.600,171.210138
427.700,171.253488
427.800,171.296837
427.900,171.340187
428.000,171.383536
428.100,171.426886
428.200,171.470235
428.300,171.513585
428.400,171.556934
428.500,171.600284
428.600,171.643633
428.700,171.686983
428.800,171.730332
428.900,171.773682
429.000,171.817031
429.100,171.860381
429.200,171.903730
429.300,171.947080
429.400,171.990429
429.500,172.033779
429.600,172.077128
429.700,172.120478
429.800,172.163827
429.900,172.207177
430.000,172.250526
430.100,172.293876
430.200,172.337225
430.300,172.380575
430.400,172.423924
430.500,172.467274
430.600,172.510623
430.700,172.553973
430.800,172.597322
430.900,172.640672
431.000,172.684021
431.100,172.727370
431.200,172.770720
431.300,172.814069
431.400,172.857419
431.500,172.900768
431.600,172.944118
431.700,172.987467
431.800,173.030817
431.900,173.074166
432.000,173.117516
432.100,173.160865
432.200,173.204215
432.300,173.247564
432.400,173.290914
432.500,173.334263
432.600,173.377613
432.700,173.420962
432.800,173.464312
432.900,173.507661
433.000,173.551011
433.100,173.594360
433.200,173.637710
433.300,173.681059
433.400,173.724409
433.500,173.767758
433.600,173.811108
433.700,173.854457
433.800,173.897807
433.900,173.941156
434.000,173.984506
434.100,174.027855
434.200,174.071205
434.300,174.114554
434.400,174.157904
434.500,174.201253
434.600,174.244603
434.700,174.287952
434.800,174.331302
434.900,174.374651
435.000,174.418001
435.100,174.461350
435.200,174.504700
435.300,174.548049
435.400,174.591399
435.500,174.634748
435.600,174.678098
435.700,174.721447
435.800,174.764797
435.900,174.808146
436.000,174.851496
436.100,174.894845
436.200,174.938195
436.300,174.981544
436.400,175.024893
436.500,175.068243
436.600,175.111592
436.700,175.154942
436.800,175.198291
436.900,175.241641
437.000,175.284990
437.100,175.328340
437.200,175.371689
437.300,175.415039
437.400,175.458388
437.500,175.501738
437.600,175.545087
437.700,175.588437
437.800,175.631786
437.900,175.675136
438.000,175.718485
438.100,175.761835
438.200,175.805184
438.300,175.848534
438.400,175.891883
438.500,175.935233
438.600,175.978582
438.700,176.021932
438.800,176.065281
438.900,176.108631
439.000,176.151980
439.100,176.195330
439.200,176.238679
439.300,176.282029
439.400,176.325378
439.500,176.368728
439.600,176.412077
439.700,176.455427
439.800,176.498776
439.900,176.542126
440.000,176.585475
440.100,176.628825
440.200,176.672174
440.300,176.715524
440.400,176.758873
440.500,176.802223
440.600,176.845572
440.700,176.888922
440.800,176.932271
440.900,176.975621
441.000,177.018970
441.100,177.062320
441.200,177.105669
441.300,177.149019
441.400,177.192368
441.500,177.235718
441.600,177.279067
441.700,177.322416
441.800,177.365766
441.900,177.409115
442.000,177.452465
442.100,177.495814
442.200,177.539164
442.300,177.582513
442.400,177.625863
442.500,177.669212
442.600,177.712562
442.700,177.755911
442.800,177.799261
442.900,177.842610
443.000,177.885960
443.100,177.929309
443.200,177.972659
443.300,178.016008
443.400,178.059358
443.500,178.102707
443.600,178.146057
443.700,178.189406
443.800,178.232756
443.900,178.276105
444.000,178.319455
444.100,178.362804
444.200,178.406154
444.300,178.449503
444.400,178.492853
444.500,178.536202
444.600,178.579552
444.700,178.622901
444.800,178.666251
444.900,178.709600
445.000,178.752950
445.100,178.796299
445.200,178.839649
445.300,178.882998
445.400,178.926348
445.500,178.969697
445.600,179.013047
445.700,179.056396
445.800,179.099746
445.900,179.143095
446.000,179.186445
446.100,179.229794
446.200,179.273144
446.300,179.316493
446.400,179.359843
446.500,179.403192
446.600,179.446542
446.700,179.489891
446.800,179.533241
446.900,179.576590
447.000,179.619939
447.100,179.663289
447.200,179.706638
447.300,179.749988
447.400,179.793337
447.500,179.836687
447.600,179.880036
447.700,179.923386
447.800,179.966735
447.900,180.010085
448.000,180.053434
448.100,180.096784
448.200,180.140133
448.300,180.183483
448.400,180.226832
448.500,180.270182
448.600,180.313531
448.700,180.356881
448.800,180.400230
448.900,180.443580
449.000,180.486929
449.100,180.530279
449.200,180.573628
449.300,180.616978
449.400,180.660327
449.500,180.703677
449.600,180.747026
449.700,180.790376
449.800,180.833725
449.900,180.877075
450.000,180.920424
450.100,180.963774
450.200,181.007123
450.300,181.050473
450.400,181.093822
450.500,181.137172
450.600,181.180521
450.700,181.223871
450.800,181.267220
450.900,181.310570
451.000,181.353919
451.100,181.397269
451.200,181.440618
451.300,181.483968
451.400,181.527317
451.500,181.570667
451.600,181.614016
451.700,181.657366
451.800,181.700715
451.900,181.744065
452.000,181.787414
452.100,181.830764
452.200,181.874113
452.300,181.917462
452.400,181.960812
452.500,182.004161
452.600,182.047511
452.700,182.090860
452.800,182.134210
452.900,182.177559
453.000,182.220909
453.100,182.264258
453.200,182.307608
453.300,182.350957
453.400,182.394307
453.500,182.437656
453.600,182.481006
453.700,182.524355
453.800,182.567705
453.900,182.611054
454.000,182.654404
454.100,182.697753
454.200,182.741103
454.300,182.784452
454.400,182.827802
454.500,182.871151
454.600,182.914501
454.700,182.957850
454.800,183.001200
454.900,183.044549
455.000,183.087899
455.100,183.131248
455.200,183.174598
455.300,183.217947
455.400,183.261297
455.500,183.304646
455.600,183.347996
455.700,183.391345
455.800,183.434695
455.900,183.478044
456.000,183.521394
456.100,183.564743
456.200,183.608093
456.300,183.651442
456.400,183.694792
456.500,183.738141
456.600,183.781491
456.700,183.824840
456.800,183.868190
456.900,183.911539
457.000,183.954889
457.100,183.998238
457.200,184.041588
457.300,184.084937
457.400,184.128287
457.500,184.171636
457.600,184.214985
457.700,184.258335
457.800,184.301684
457.900,184.345034
458.000,184.388383
458.100,184.431733
458.200,184.475082
458.300,184.518432
458.400,184.561781
458.500,184.605131
458.600,184.648480
458.700,184.691830
458.800,184.735179
458.900,184.778529
459.000,184.821878
459.100,184.865228
459.200,184.908577
459.300,184.951927
459.400,184.995276
459.500,185.038626
459.600,185.081975
459.700,185.125325
459.800,185.168674
459.900,185.212024
460.000,185.255373
460.100,185.298723
460.200,185.342072
460.300,185.385422
460.400,185.428771
460.500,185.472121
460.600,185.515470
460.700,185.558820
460.800,185.602169
460.900,185.645519
461.000,185.688868
461.100,185.732218
461.200,185.775567
461.300,185.818917
461.400,185.862266
461.500,185.905616
461.600,185.948965
461.700,185.992315
461.800,186.035664
461.900,186.079014
462.000,186.122363
462.100,186.165713
462.200,186.209062
462.300,186.252412
462.400,186.295761
462.500,186.339111
462.600,186.382460
462.700,186.425810
462.800,186.469159
462.900,186.512508
463.000,186.555858
463.100,186.599207
463.200,186.642557
463.300,186.685906
463.400,186.729256
463.500,186.772605
463.600,186.815955
463.700,186.859304
463.800,186.902654
463.900,186.946003
464.000,186.989353
464.100,187.032702
464.200,187.076052
464.300,187.119401
464.400,187.162751
464.500,187.206100
464.600,187.249450
464.700,187.292799
464.800,187.336149
464.900,187.379498
465.000,187.422848
465.100,187.466197
465.200,187.509547
465.300,187.552896
465.400,187.596246
465.500,187.639595
465.600,187.682945
465.700,187.726294
465.800,187.769644
465.900,187.812993
466.000,187.856343
466.100,187.899692
466.200,187.943042
466.300,187.986391
466.400,188.029741
466.500,188.073090
466.600,188.116440
466.700,188.159789
466.800,188.203139
466.900,188.246488
467.000,188.289838
467.100,188.333187
467.200,188.376537
467.300,188.419886
467.400,188.463236
467.500,188.506585
467.600,188.549935
467.700,188.593284
467.800,188.636634
467.900,188.679983
468.000,188.723333
468.100,188.766682
468.200,188.810031
468.300,188.853381
468.400,188.896730
468.500,188.940080
468.600,188.983429
468.700,189.026779
468.800,189.070128
468.900,189.113478
469.000,189.156827
469.100,189.200177
469.200,189.243526
469.300,189.286876
469.400,189.330225
469.500,189.373575
469.600,189.416924
469.700,189.460274
469.800,189.503623
469.900,189.546973
470.000,189.590322
470.100,189.633672
470.200,189.677021
470.300,189.720371
470.400,189.763720
470.500,189.807070
470.600,189.850419
470.700,189.893769
470.800,189.937118
470.900,189.980468
471.000,190.023817
471.100,190.067167
471.200,190.110516
471.300,190.153866
471.400,190.197215
471.500,190.240565
471.600,190.283914
471.700,190.327264
471.800,190.370613
471.900,190.413963
472.000,190.457312
472.100,190.500662
472.200,190.544011
472.300,190.587361
472.400,190.630710
472.500,190.674060
472.600,190.717409
472.700,190.760759
472.800,190.804108
472.900,190.847458
473.000,190.890807
473.100,190.934157
473.200,190.977506
473.300,191.020856
473.400,191.064205
473.500,191.107554
473.600,191.150904
473.700,191.194253
473.800,191.237603
473.900,191.280952
474.000,191.324302
474.100,191.367651
474.200,191.411001
474.300,191.454350
474.400,191.497700
474.500,191.541049
474.600,191.584399
474.700,191.627748
474.800,191.671098
474.900,191.714447
475.000,191.757797
475.100,191.801146
475.200,191.844496
475.300,191.887845
475.400,191.931195
475.500,191.974544
475.600,192.017894
475.700,192.061243
475.800,192.104593
475.900,192.147942
476.000,192.191292
476.100,192.234641
476.200,192.277991
476.300,192.321340
476.400,192.364690
476.500,192.408039
476.600,192.451389
476.700,192.494738
476.800,192.538088
476.900,192.581437
477.000,192.624787
477.100,192.668136
477.200,192.711486
477.300,192.754835
477.400,192.798185
477.500,192.841534
477.600,192.884884
477.700,192.928233
477.800,192.971583
477.900,193.014932
478.000,193.058282
478.100,193.101631
478.200,193.144981
478.300,193.188330
478.400,193.231680
478.500,193.275029
478.600,193.318379
478.700,193.361728
478.800,193.405077
478.900,193.448427
479.000,193.491776
479.100,193.535126
479.200,193.578475
479.300,193.621825
479.400,193.665174
479.500,193.708524
479.600,193.751873
479.700,193.795223
479.800,193.838572
479.900,193.881922
480.000,193.925271
480.100,193.968621
480.200,194.011970
480.300,194.055320
480.400,194.098669
480.500,194.142019
480.600,194.185368
480.700,194.228718
480.800,194.272067
480.900,194.315417
481.000,194.358766
481.100,194.402116
481.200,194.445465
481.300,194.488815
481.400,194.532164
481.500,194.575514
481.600,194.618863
481.700,194.662213
481.800,194.705562
481.900,194.748912
482.000,194.792261
482.100,194.835611
482.200,194.878960
482.300,194.922310
482.400,194.965659
482.500,195.009009
482.600,195.052358
482.700,195.095708
482.800,195.139057
482.900,195.182407
483.000,195.225756
483.100,195.269106
483.200,195.312455
483.300,195.355805
483.400,195.399154
483.500,195.442504
483.600,195.485853
483.700,195.529203
483.800,195.572552
483.900,195.615902
484.000,195.659251
484.100,195.702600
484.200,195.745950
484.300,195.789299
484.400,195.832649
484.500,195.875998
484.600,195.919348
484.700,195.962697
484.800,196.006047
484.900,196.049396
485.000,196.092746
485.100,196.136095
485.200,196.179445
485.300,196.222794
485.400,196.266144
485.500,196.309493
485.600,196.352843
485.700,196.396192
485.800,196.439542
485.900,196.482891
486.000,196.526241
486.100,196.569590
486.200,196.612940
486.300,196.656289
486.400,196.699639
486.500,196.742988
486.600,196.786338
486.700,196.829687
486.800,196.873037
486.900,196.916386
487.000,196.959736
487.100,197.003085
487.200,197.046435
487.300,197.089784
487.400,197.133134
487.500,197.176483
487.600,197.219833
487.700,197.263182
487.800,197.306532
487.900,197.349881
488.000,197.393231
488.100,197.436580
488.200,197.479930
488.300,197.523279
488.400,197.566629
488.500,197.609978
488.600,197.653328
488.700,197.696677
488.800,197.740027
488.900,197.783376
489.000,197.826726
489.100,197.870075
489.200,197.913425
489.300,197.956774
489.400,198.000123
489.500,198.043473
489.600,198.086822
489.700,198.130172
489.800,198.173521
489.900,198.216871
490.000,198.260220
490.100,198.303570
490.200,198.346919
490.300,198.390269
490.400,198.433618
490.500,198.476968
490.600,198.520317
490.700,198.563667
490.800,198.607016
490.900,198.650366
491.000,198.693715
491.100,198.737065
491.200,198.780414
491.300,198.823764
491.400,198.867113
491.500,198.910463
491.600,198.953812
491.700,198.997162
491.800,199.040511
491.900,199.083861
492.000,199.127210
492.100,199.170560
492.200,199.213909
492.300,199.257259
492.400,199.300608
492.500,199.343958
492.600,199.387307
492.700,199.430657
492.800,199.474006
492.900,199.517356
493.000,199.560705
493.100,199.604055
493.200,199.647404
493.300,199.690754
493.400,199.734103
493.500,199.777453
493.600,199.820802
493.700,199.864152
493.800,199.907501
493.900,199.950851
494.000,199.994200
494.100,200.037550
494.200,200.080899
494.300,200.124249
494.400,200.167598
494.500,200.210948
494.600,200.254297
494.700,200.297646
494.800,200.340996
494.900,200.384345
495.000,200.427695
495.100,200.471044
495.200,200.514394
495.300,200.557743
495.400,200.601093
495.500,200.644442
495.600,200.687792
495.700,200.731141
495.800,200.774491
495.900,200.817840
496.000,200.861190
496.100,200.904539
496.200,200.947889
496.300,200.991238
496.400,201.034588
496.500,201.077937
496.600,201.121287
496.700,201.164636
496.800,201.207986
496.900,201.251335
497.000,201.294685
497.100,201.338034
497.200,201.381384
497.300,201.424733
497.400,201.468083
497.500,201.511432
497.600,201.554782
497.700,201.598131
497.800,201.641481
497.900,201.684830
498.000,201.728180
498.100,201.771529
498.200,201.814879
498.300,201.858228
498.400,201.901578
498.500,201.944927
498.600,201.988277
498.700,202.031626
498.800,202.074976
498.900,202.118325
499.000,202.161675
499.100,202.205024
499.200,202.248374
499.300,202.291723
499.400,202.335073
499.500,202.378422
499.600,202.421772
499.700,202.465121
499.800,202.508471
499.900,202.551820
500.000,202.595169
500.100,202.638519
500.200,202.681868
500.300,202.725218
500.400,202.768567
500.500,202.811917
500.600,202.855266
500.700,202.898616
500.800,202.941965
500.900,202.985315
501.000,203.028664
501.100,203.072014
501.200,203.115363
501.300,203.158713
501.400,203.202062
501.500,203.245412
501.600,203.288761
501.700,203.332111
501.800,203.375460
501.900,203.418810
502.000,203.462159
502.100,203.505509
502.200,203.548858
502.300,203.592208
502.400,203.635557
502.500,203.678907
502.600,203.722256
502.700,203.765606
502.800,203.808955
502.900,203.852305
503.000,203.895654
503.100,203.939004
503.200,203.982353
503.300,204.025703
503.400,204.069052
503.500,204.112402
503.600,204.155751
503.700,204.199101
503.800,204.242450
503.900,204.285800
504.000,204.329149
504.100,204.372499
504.200,204.415848
504.300,204.459198
504.400,204.502547
504.500,204.545897
504.600,204.589246
504.700,204.632596
504.800,204.675945
504.900,204.719295
505.000,204.762644
505.100,204.805994
505.200,204.849343
505.300,204.892692
505.400,204.936042
505.500,204.979391
505.600,205.022741
505.700,205.066090
505.800,205.109440
505.900,205.152789
506.000,205.196139
506.100,205.239488
506.200,205.282838
506.300,205.326187
506.400,205.369537
506.500,205.412886
506.600,205.456236
506.700,205.499585
506.800,205.542935
506.900,205.586284
507.000,205.629634
507.100,205.672983
507.200,205.716333
507.300,205.759682
507.400,205.803032
507.500,205.846381
507.600,205.889731
507.700,205.933080
507.800,205.976430
507.900,206.019779
508.000,206.063129
508.100,206.106478
508.200,206.149828
508.300,206.193177
508.400,206.236527
508.500,206.279876
508.600,206.323226
508.700,206.366575
508.800,206.409925
508.900,206.453274
509.000,206.496624
509.100,206.539973
509.200,206.583323
509.300,206.626672
509.400,206.670022
509.500,206.713371
509.600,206.756721
509.700,206.800070
509.800,206.843420
509.900,206.886769
510.000,206.930119
510.100,206.973468
510.200,207.016818
510.300,207.060167
510.400,207.103517
510.500,207.146866
510.600,207.190215
510.700,207.233565
510.800,207.276914
510.900,207.320264
511.000,207.363613
511.100,207.406963
511.200,207.450312
511.300,207.493662
511.400,207.537011
511.500,207.580361
511.600,207.623710
511.700,207.667060
511.800,207.710409
511.900,207.753759
512.000,207.797108
512.100,207.840458
512.200,207.883807
512.300,207.927157
512.400,207.970506
512.500,208.013856
512.600,208.057205
512.700,208.100555
512.800,208.143904
512.900,208.187254
513.000,208.230603
513.100,208.273953
513.200,208.317302
513.300,208.360652
513.400,208.404001
513.500,208.447351
513.600,208.490700
513.700,208.534050
513.800,208.577399
513.900,208.620749
514.000,208.664098
514.100,208.707448
514.200,208.750797
514.300,208.794147
514.400,208.837496
514.500,208.880846
514.600,208.924195
514.700,208.967545
514.800,209.010894
514.900,209.054244
515.000,209.097593
515.100,209.140943
515.200,209.184292
515.300,209.227642
515.400,209.270991
515.500,209.314341
515.600,209.357690
515.700,209.401040
515.800,209.444389
515.900,209.487738
516.000,209.531088
516.100,209.574437
516.200,209.617787
516.300,209.661136
516.400,209.704486
516.500,209.747835
516.600,209.791185
516.700,209.834534
516.800,209.877884
516.900,209.921233
517.000,209.964583
517.100,210.007932
517.200,210.051282
517.300,210.094631
517.400,210.137981
517.500,210.181330
517.600,210.224680
517.700,210.268029
517.800,210.311379
517.900,210.354728
518.000,210.398078
518.100,210.441427
518.200,210.484777
518.300,210.528126
518.400,210.571476
518.500,210.614825
518.600,210.658175
518.700,210.701524
518.800,210.744874
518.900,210.788223
519.000,210.831573
519.100,210.874922
519.200,210.918272
519.300,210.961621
519.400,211.004971
519.500,211.048320
519.600,211.091670
519.700,211.135019
519.800,211.178369
519.900,211.221718
520.000,211.265068
520.100,211.308417
520.200,211.351767
520.300,211.395116
520.400,211.438466
520.500,211.481815
520.600,211.525165
520.700,211.568514
520.800,211.611864
520.900,211.655213
521.000,211.698563
521.100,211.741912
521.200,211.785261
521.300,211.828611
521.400,211.871960
521.500,211.915310
521.600,211.958659
521.700,212.002009
521.800,212.045358
521.900,212.088708
522.000,212.132057
522.100,212.175407
522.200,212.218756
522.300,212.262106
522.400,212.305455
522.500,212.348805
522.600,212.392154
522.700,212.435504
522.800,212.478853
522.900,212.522203
523.000,212.565552
523.100,212.608902
523.200,212.652251
523.300,212.695601
523.400,212.738950
523.500,212.782300
523.600,212.825649
523.700,212.868999
523.800,212.912348
523.900,212.955698
524.000,212.999047
524.100,213.042397
524.200,213.085746
524.300,213.129096
524.400,213.172445
524.500,213.215795
524.600,213.259144
524.700,213.302494
524.800,213.345843
524.900,213.389193
525.000,213.432542
525.100,213.475892
525.200,213.519241
525.300,213.562591
525.400,213.605940
525.500,213.649290
525.600,213.692639
525.700,213.735989
525.800,213.779338
525.900,213.822688
526.000,213.866037
526.100,213.909387
526.200,213.952736
526.300,213.996086
526.400,214.039435
526.500,214.082784
526.600,214.126134
526.700,214.169483
526.800,214.212833
526.900,214.256182
527.000,214.299532
527.100,214.342881
527.200,214.386231
527.300,214.429580
527.400,214.472930
527.500,214.516279
527.600,214.559629
527.700,214.602978
527.800,214.646328
527.900,214.689677
528.000,214.733027
528.100,214.776376
528.200,214.819726
528.300,214.863075
528.400,214.906425
528.500,214.949774
528.600,214.993124
528.700,215.036473
528.800,215.079823
528.900,215.123172
529.000,215.166522
529.100,215.209871
529.200,215.253221
529.300,215.296570
529.400,215.339920
529.500,215.383269
529.600,215.426619
529.700,215.469968
529.800,215.513318
529.900,215.556667
530.000,215.600017
530.100,215.643366
530.200,215.686716
530.300,215.730065
530.400,215.773415
530.500,215.816764
530.600,215.860114
530.700,215.903463
530.800,215.946813
530.900,215.990162
531.000,216.033512
531.100,216.076861
531.200,216.120211
531.300,216.163560
531.400,216.206910
531.500,216.250259
531.600,216.293609
531.700,216.336958
531.800,216.380307
531.900,216.423657
532.000,216.467006
532.100,216.510356
532.200,216.553705
532.300,216.597055
532.400,216.640404
532.500,216.683754
532.600,216.727103
532.700,216.770453
532.800,216.813802
532.900,216.857152
533.000,216.900501
533.100,216.943851
533.200,216.987200
533.300,217.030550
533.400,217.073899
533.500,217.117249
533.600,217.160598
533.700,217.203948
533.800,217.247297
533.900,217.290647
534.000,217.333996
534.100,217.377346
534.200,217.420695
534.300,217.464045
534.400,217.507394
534.500,217.550744
534.600,217.594093
534.700,217.637443
534.800,217.680792
534.900,217.724142
535.000,217.767491
535.100,217.810841
535.200,217.854190
535.300,217.897540
535.400,217.940889
535.500,217.984239
535.600,218.027588
535.700,218.070938
535.800,218.114287
535.900,218.157637
536.000,218.200986
536.100,218.244336
536.200,218.287685
536.300,218.331035
536.400,218.374384
536.500,218.417734
536.600,218.461083
536.700,218.504433
536.800,218.547782
536.900,218.591132
537.000,218.634481
537.100,218.677830
537.200,218.721180
537.300,218.764529
537.400,218.807879
537.500,218.851228
537.600,218.894578
537.700,218.937927
537.800,218.981277
537.900,219.024626
538.000,219.067976
538.100,219.111325
538.200,219.154675
538.300,219.198024
538.400,219.241374
538.500,219.284723
538.600,219.328073
538.700,219.371422
538.800,219.414772
538.900,219.458121
539.000,219.501471
539.100,219.544820
539.200,219.588170
539.300,219.631519
539.400,219.674869
539.500,219.718218
539.600,219.761568
539.700,219.804917
539.800,219.848267
539.900,219.891616
540.000,219.934966
540.100,219.978315
540.200,220.021665
540.300,220.065014
540.400,220.108364
540.500,220.151713
540.600,220.195063
540.700,220.238412
540.800,220.281762
540.900,220.325111
541.000,220.368461
541.100,220.411810
541.200,220.455160
541.300,220.498509
541.400,220.541859
541.500,220.585208
541.600,220.628558
541.700,220.671907
541.800,220.715257
541.900,220.758606
542.000,220.801956
542.100,220.845305
542.200,220.888655
542.300,220.932004
542.400,220.975353
542.500,221.018703
542.600,221.062052
542.700,221.105402
542.800,221.148751
542.900,221.192101
543.000,221.235450
543.100,221.278800
543.200,221.322149
543.300,221.365499
543.400,221.408848
543.500,221.452198
543.600,221.495547
543.700,221.538897
543.800,221.582246
543.900,221.625596
544.000,221.668945
544.100,221.712295
544.200,221.755644
544.300,221.798994
544.400,221.842343
544.500,221.885693
544.600,221.929042
544.700,221.972392
544.800,222.015741
544.900,222.059091
545.000,222.102440
545.100,222.145790
545.200,222.189139
545.300,222.232489
545.400,222.275838
545.500,222.319188
545.600,222.362537
545.700,222.405887
545.800,222.449236
545.900,222.492586
546.000,222.535935
546.100,222.579285
546.200,222.622634
546.300,222.665984
546.400,222.709333
546.500,222.752683
546.600,222.796032
546.700,222.839382
546.800,222.882731
546.900,222.926081
547.000,222.969430
547.100,223.012780
547.200,223.056129
547.300,223.099479
547.400,223.142828
547.500,223.186178
547.600,223.229527
547.700,223.272876
547.800,223.316226
547.900,223.359575
548.000,223.402925
548.100,223.446274
548.200,223.489624
548.300,223.532973
548.400,223.576323
548.500,223.619672
548.600,223.663022
548.700,223.706371
548.800,223.749721
548.900,223.793070
549.000,223.836420
549.100,223.879769
549.200,223.923119
549.300,223.966468
549.400,224.009818
549.500,224.053167
549.600,224.096517
549.700,224.139866
549.800,224.183216
549.900,224.226565
550.000,224.269915
550.100,224.313264
550.200,224.356614
550.300,224.399963
550.400,224.443313
550.500,224.486662
550.600,224.530012
550.700,224.573361
550.800,224.616711
550.900,224.660060
551.000,224.703410
551.100,224.746759
551.200,224.790109
551.300,224.833458
551.400,224.876808
551.500,224.920157
551.600,224.963507
551.700,225.006856
551.800,225.050206
551.900,225.093555
552.000,225.136905
552.100,225.180254
552.200,225.223604
552.300,225.266953
552.400,225.310303
552.500,225.353652
552.600,225.397002
552.700,225.440351
552.800,225.483701
552.900,225.527050
553.000,225.570399
553.100,225.613749
553.200,225.657098
553.300,225.700448
553.400,225.743797
553.500,225.787147
553.600,225.830496
553.700,225.873846
553.800,225.917195
553.900,225.960545
554.000,226.003894
554.100,226.047244
554.200,226.090593
554.300,226.133943
554.400,226.177292
554.500,226.220642
554.600,226.263991
554.700,226.307341
554.800,226.350690
554.900,226.394040
555.000,226.437389
555.100,226.480739
555.200,226.524088
555.300,226.567438
555.400,226.610787
555.500,226.654137
555.600,226.697486
555.700,226.740836
555.800,226.784185
555.900,226.827535
556.000,226.870884
556.100,226.914234
556.200,226.957583
556.300,227.000933
556.400,227.044282
556.500,227.087632
556.600,227.130981
556.700,227.174331
556.800,227.217680
556.900,227.261030
557.000,227.304379
557.100,227.347729
557.200,227.391078
557.300,227.434428
557.400,227.477777
557.500,227.521127
557.600,227.564476
557.700,227.607826
557.800,227.651175
557.900,227.694525
558.000,227.737874
558.100,227.781224
558.200,227.824573
558.300,227.867922
558.400,227.911272
558.500,227.954621
558.600,227.997971
558.700,228.041320
558.800,228.084670
558.900,228.128019
559.000,228.171369
559.100,228.214718
559.200,228.258068
559.300,228.301417
559.400,228.344767
559.500,228.388116
559.600,228.431466
559.700,228.474815
559.800,228.518165
559.900,228.561514
560.000,228.604864
560.100,228.648213
560.200,228.691563
560.300,228.734912
560.400,228.778262
560.500,228.821611
560.600,228.864961
560.700,228.908310
560.800,228.951660
560.900,228.995009
561.000,229.038359
561.100,229.081708
561.200,229.125058
561.300,229.168407
561.400,229.211757
561.500,229.255106
561.600,229.298456
561.700,229.341805
561.800,229.385155
561.900,229.428504
562.000,229.471854
562.100,229.515203
562.200,229.558553
562.300,229.601902
562.400,229.645252
562.500,229.688601
562.600,229.731951
562.700,229.775300
562.800,229.818650
562.900,229.861999
563.000,229.905349
563.100,229.948698
563.200,229.992048
563.300,230.035397
563.400,230.078747
563.500,230.122096
563.600,230.165445
563.700,230.208795
563.800,230.252144
563.900,230.295494
564.000,230.338843
564.100,230.382193
564.200,230.425542
564.300,230.468892
564.400,230.512241
564.500,230.555591
564.600,230.598940
564.700,230.642290
564.800,230.685639
564.900,230.728989
565.000,230.772338
565.100,230.815688
565.200,230.859037
565.300,230.902387
565.400,230.945736
565.500,230.989086
565.600,231.032435
565.700,231.075785
565.800,231.119134
565.900,231.162484
566.000,231.205833
566.100,231.249183
566.200,231.292532
566.300,231.335882
566.400,231.379231
566.500,231.422581
566.600,231.465930
566.700,231.509280
566.800,231.552629
566.900,231.595979
567.000,231.639328
567.100,231.682678
567.200,231.726027
567.300,231.769377
567.400,231.812726
567.500,231.856076
567.600,231.899425
567.700,231.942775
567.800,231.986124
567.900,232.029474
568.000,232.072823
568.100,232.116173
568.200,232.159522
568.300,232.202872
568.400,232.246221
568.500,232.289571
568.600,232.332920
568.700,232.376270
568.800,232.419619
568.900,232.462968
569.000,232.506318
569.100,232.549667
569.200,232.593017
569.300,232.636366
569.400,232.679716
569.500,232.723065
569.600,232.766415
569.700,232.809764
569.800,232.853114
569.900,232.896463
570.000,232.939813
570.100,232.983162
570.200,233.026512
570.300,233.069861
570.400,233.113211
570.500,233.156560
570.600,233.199910
570.700,233.243259
570.800,233.286609
570.900,233.329958
571.000,233.373308
571.100,233.416657
571.200,233.460007
571.300,233.503356
571.400,233.546706
571.500,233.590055
571.600,233.633405
571.700,233.676754
571.800,233.720104
571.900,233.763453
572.000,233.806803
572.100,233.850152
572.200,233.893502
572.300,233.936851
572.400,233.980201
572.500,234.023550
572.600,234.066900
572.700,234.110249
572.800,234.153599
572.900,234.196948
573.000,234.240298
573.100,234.283647
573.200,234.326997
573.300,234.370346
573.400,234.413696
573.500,234.457045
573.600,234.500395
573.700,234.543744
573.800,234.587094
573.900,234.630443
574.000,234.673793
574.100,234.717142
574.200,234.760491
574.300,234.803841
574.400,234.847190
574.500,234.890540
574.600,234.933889
574.700,234.977239
574.800,235.020588
574.900,235.063938
575.000,235.107287
575.100,235.150637
575.200,235.193986
575.300,235.237336
575.400,235.280685
575.500,235.324035
575.600,235.367384
575.700,235.410734
575.800,235.454083
575.900,235.497433
576.000,235.540782
576.100,235.584132
576.200,235.627481
576.300,235.670831
576.400,235.714180
576.500,235.757530
576.600,235.800879
576.700,235.844229
576.800,235.887578
576.900,235.930928
577.000,235.974277
577.100,236.017627
577.200,236.060976
577.300,236.104326
577.400,236.147675
577.500,236.191025
577.600,236.234374
577.700,236.277724
577.800,236.321073
577.900,236.364423
578.000,236.407772
578.100,236.451122
578.200,236.494471
578.300,236.537821
578.400,236.581170
578.500,236.624520
578.600,236.667869
578.700,236.711219
578.800,236.754568
578.900,236.797918
579.000,236.841267
579.100,236.884617
579.200,236.927966
579.300,236.971316
579.400,237.014665
579.500,237.058014
579.600,237.101364
579.700,237.144713
579.800,237.188063
579.900,237.231412
580.000,237.274762
580.100,237.318111
580.200,237.361461
580.300,237.404810
580.400,237.448160
580.500,237.491509
580.600,237.534859
580.700,237.578208
580.800,237.621558
580.900,237.664907
581.000,237.708257
581.100,237.751606
581.200,237.794956
581.300,237.838305
581.400,237.881655
581.500,237.925004
581.600,237.968354
581.700,238.011703
581.800,238.055053
581.900,238.098402
582.000,238.141752
582.100,238.185101
582.200,238.228451
582.300,238.271800
582.400,238.315150
582.500,238.358499
582.600,238.401849
582.700,238.445198
582.800,238.488548
582.900,238.531897
583.000,238.575247
583.100,238.618596
583.200,238.661946
583.300,238.705295
583.400,238.748645
583.500,238.791994
583.600,238.835344
583.700,238.878693
583.800,238.922043
583.900,238.965392
584.000,239.008742
584.100,239.052091
584.200,239.095441
584.300,239.138790
584.400,239.182140
584.500,239.225489
584.600,239.268839
584.700,239.312188
584.800,239.355537
584.900,239.398887
585.000,239.442236
585.100,239.485586
585.200,239.528935
585.300,239.572285
585.400,239.615634
585.500,239.658984
585.600,239.702333
585.700,239.745683
585.800,239.789032
585.900,239.832382
586.000,239.875731
586.100,239.919081
586.200,239.962430
586.300,240.005780
586.400,240.049129
586.500,240.092479
586.600,240.135828
586.700,240.179178
586.800,240.222527
586.900,240.265877
587.000,240.309226
587.100,240.352576
587.200,240.395925
587.300,240.439275
587.400,240.482624
587.500,240.525974
587.600,240.569323
587.700,240.612673
587.800,240.656022
587.900,240.699372
588.000,240.742721
588.100,240.786071
588.200,240.829420
588.300,240.872770
588.400,240.916119
588.500,240.959469
588.600,241.002818
588.700,241.046168
588.800,241.089517
588.900,241.132867
589.000,241.176216
589.100,241.219566
589.200,241.262915
589.300,241.306265
589.400,241.349614
589.500,241.392964
589.600,241.436313
589.700,241.479663
589.800,241.523012
589.900,241.566362
590.000,241.609711
590.100,241.653060
590.200,241.696410
590.300,241.739759
590.400,241.783109
590.500,241.826458
590.600,241.869808
590.700,241.913157
590.800,241.956507
590.900,241.999856
591.000,242.043206
591.100,242.086555
591.200,242.129905
591.300,242.173254
591.400,242.216604
591.500,242.259953
591.600,242.303303
591.700,242.346652
591.800,242.390002
591.900,242.433351
592.000,242.476701
592.100,242.520050
592.200,242.563400
592.300,242.606749
592.400,242.650099
592.500,242.693448
592.600,242.736798
592.700,242.780147
592.800,242.823497
592.900,242.866846
593.000,242.910196
593.100,242.953545
593.200,242.996895
593.300,243.040244
593.400,243.083594
593.500,243.126943
593.600,243.170293
593.700,243.213642
593.800,243.256992
593.900,243.300341
594.000,243.343691
594.100,243.387040
594.200,243.430390
594.300,243.473739
594.400,243.517089
594.500,243.560438
594.600,243.603788
594.700,243.647137
594.800,243.690487
594.900,243.733836
595.000,243.777186
595.100,243.820535
595.200,243.863885
595.300,243.907234
595.400,243.950583
595.500,243.993933
595.600,244.037282
595.700,244.080632
595.800,244.123981
595.900,244.167331
596.000,244.210680
596.100,244.254030
596.200,244.297379
596.300,244.340729
596.400,244.384078
596.500,244.427428
596.600,244.470777
596.700,244.514127
596.800,244.557476
596.900,244.600826
597.000,244.644175
597.100,244.687525
597.200,244.730874
597.300,244.774224
597.400,244.817573
597.500,244.860923
597.600,244.904272
597.700,244.947622
597.800,244.990971
597.900,245.034321
598.000,245.077670
598.100,245.121020
598.200,245.164369
598.300,245.207719
598.400,245.251068
598.500,245.294418
598.600,245.337767
598.700,245.381117
598.800,245.424466
598.900,245.467816
599.000,245.511165
599.100,245.554515
599.200,245.597864
599.300,245.641214
599.400,245.684563
599.500,245.727913
599.600,245.771262
599.700,245.814612
599.800,245.857961
599.900,245.901311
600.000,245.944660
600.100,245.988010
600.200,246.031359
600.300,246.074709
600.400,246.118058
600.500,246.161408
600.600,246.204757
600.700,246.248106
600.800,246.291456
600.900,246.334805
601.000,246.378155
601.100,246.421504
601.200,246.464854
601.300,246.508203
601.400,246.551553
601.500,246.594902
601.600,246.638252
601.700,246.681601
601.800,246.724951
601.900,246.768300
602.000,246.811650
602.100,246.854999
602.200,246.898349
602.300,246.941698
602.400,246.985048
602.500,247.028397
602.600,247.071747
602.700,247.115096
602.800,247.158446
602.900,247.201795
603.000,247.245145
603.100,247.288494
603.200,247.331844
603.300,247.375193
603.400,247.418543
603.500,247.461892
603.600,247.505242
603.700,247.548591
603.800,247.591941
603.900,247.635290
604.000,247.678640
604.100,247.721989
604.200,247.765339
604.300,247.808688
604.400,247.852038
604.500,247.895387
604.600,247.938737
604.700,247.982086
604.800,248.025436
604.900,248.068785
605.000,248.112135
605.100,248.155484
605.200,248.198834
605.300,248.242183
605.400,248.285533
605.500,248.328882
605.600,248.372232
605.700,248.415581
605.800,248.458931
605.900,248.502280
606.000,248.545629
606.100,248.588979
606.200,248.632328
606.300,248.675678
606.400,248.719027
606.500,248.762377
606.600,248.805726
606.700,248.849076
606.800,248.892425
606.900,248.935775
607.000,248.979124
607.100,249.022474
607.200,249.065823
607.300,249.109173
607.400,249.152522
607.500,249.195872
607.600,249.239221
607.700,249.282571
607.800,249.325920
607.900,249.369270
608.000,249.412619
608.100,249.455969
608.200,249.499318
608.300,249.542668
608.400,249.586017
608.500,249.629367
608.600,249.672716
608.700,249.716066
608.800,249.759415
608.900,249.802765
609.000,249.846114
609.100,249.889464
609.200,249.932813
609.300,249.976163
609.400,250.019512
609.500,250.062862
609.600,250.106211
609.700,250.149561
609.800,250.192910
609.900,250.236260
610.000,250.279609
610.100,250.322959
610.200,250.366308
610.300,250.409658
610.400,250.453007
610.500,250.496357
610.600,250.539706
610.700,250.583056
610.800,250.626405
610.900,250.669755
611.000,250.713104
611.100,250.756454
611.200,250.799803
611.300,250.843152
611.400,250.886502
611.500,250.929851
611.600,250.973201
611.700,251.016550
611.800,251.059900
611.900,251.103249
612.000,251.146599
612.100,251.189948
612.200,251.233298
612.300,251.276647
612.400,251.319997
612.500,251.363346
612.600,251.406696
612.700,251.450045
612.800,251.493395
612.900,251.536744
613.000,251.580094
613.100,251.623443
613.200,251.666793
613.300,251.710142
613.400,251.753492
613.500,251.796841
613.600,251.840191
613.700,251.883540
613.800,251.926890
613.900,251.970239
614.000,252.013589
614.100,252.056938
614.200,252.100288
614.300,252.143637
614.400,252.186987
614.500,252.230336
614.600,252.273686
614.700,252.317035
614.800,252.360385
614.900,252.403734
615.000,252.447084
615.100,252.490433
615.200,252.533783
615.300,252.577132
615.400,252.620482
615.500,252.663831
615.600,252.707181
615.700,252.750530
615.800,252.793880
615.900,252.837229
616.000,252.880579
616.100,252.923928
616.200,252.967278
616.300,253.010627
616.400,253.053977
616.500,253.097326
616.600,253.140675
616.700,253.184025
616.800,253.227374
616.900,253.270724
617.000,253.314073
617.100,253.357423
617.200,253.400772
617.300,253.444122
617.400,253.487471
617.500,253.530821
617.600,253.574170
617.700,253.617520
617.800,253.660869
617.900,253.704219
618.000,253.747568
618.100,253.790918
618.200,253.834267
618.300,253.877617
618.400,253.920966
618.500,253.964316
618.600,254.007665
618.700,254.051015
618.800,254.094364
618.900,254.137714
619.000,254.181063
619.100,254.224413
619.200,254.267762
619.300,254.311112
619.400,254.354461
619.500,254.397811
619.600,254.441160
619.700,254.484510
619.800,254.527859
619.900,254.571209
620.000,254.614558
620.100,254.657908
620.200,254.701257
620.300,254.744607
620.400,254.787956
620.500,254.831306
620.600,254.874655
620.700,254.918005
620.800,254.961354
620.900,255.004704
621.000,255.048053
621.100,255.091403
621.200,255.134752
621.300,255.178102
621.400,255.221451
621.500,255.264801
621.600,255.308150
621.700,255.351500
621.800,255.394849
621.900,255.438198
622.000,255.481548
622.100,255.524897
622.200,255.568247
622.300,255.611596
622.400,255.654946
622.500,255.698295
622.600,255.741645
622.700,255.784994
622.800,255.828344
622.900,255.871693
623.000,255.915043
623.100,255.958392
623.200,256.001742
623.300,256.045091
623.400,256.088441
623.500,256.131790
623.600,256.175140
623.700,256.218489
623.800,256.261839
623.900,256.305188
624.000,256.348538
624.100,256.391887
624.200,256.435237
624.300,256.478586
624.400,256.521936
624.500,256.565285
624.600,256.608635
624.700,256.651984
624.800,256.695334
624.900,256.738683
625.000,256.782033
625.100,256.825382
625.200,256.868732
625.300,256.912081
625.400,256.955431
625.500,256.998780
625.600,257.042130
625.700,257.085479
625.800,257.128829
625.900,257.172178
626.000,257.215528
626.100,257.258877
626.200,257.302227
626.300,257.345576
626.400,257.388926
626.500,257.432275
626.600,257.475625
626.700,257.518974
626.800,257.562324
626.900,257.605673
627.000,257.649023
627.100,257.692372
627.200,257.735721
627.300,257.779071
627.400,257.822420
627.500,257.865770
627.600,257.909119
627.700,257.952469
627.800,257.995818
627.900,258.039168
628.000,258.082517
628.100,258.125867
628.200,258.169216
628.300,258.212566
628.400,258.255915
628.500,258.299265
628.600,258.342614
628.700,258.385964
628.800,258.429313
628.900,258.472663
629.000,258.516012
629.100,258.559362
629.200,258.602711
629.300,258.646061
629.400,258.689410
629.500,258.732760
629.600,258.776109
629.700,258.819459
629.800,258.862808
629.900,258.906158
630.000,258.949507
630.100,258.992857
630.200,259.036206
630.300,259.079556
630.400,259.122905
630.500,259.166255
630.600,259.209604
630.700,259.252954
630.800,259.296303
630.900,259.339653
631.000,259.383002
631.100,259.426352
631.200,259.469701
631.300,259.513051
631.400,259.556400
631.500,259.599750
631.600,259.643099
631.700,259.686449
631.800,259.729798
631.900,259.773148
632.000,259.816497
632.100,259.859847
632.200,259.903196
632.300,259.946546
632.400,259.989895
632.500,260.033244
632.600,260.076594
632.700,260.119943
632.800,260.163293
632.900,260.206642
633.000,260.249992
633.100,260.293341
633.200,260.336691
633.300,260.380040
633.400,260.423390
633.500,260.466739
633.600,260.510089
633.700,260.553438
633.800,260.596788
633.900,260.640137
634.000,260.683487
634.100,260.726836
634.200,260.770186
634.300,260.813535
634.400,260.856885
634.500,260.900234
634.600,260.943584
634.700,260.986933
634.800,261.030283
634.900,261.073632
635.000,261.116982
635.100,261.160331
635.200,261.203681
635.300,261.247030
635.400,261.290380
635.500,261.333729
635.600,261.377079
635.700,261.420428
635.800,261.463778
635.900,261.507127
636.000,261.550477
636.100,261.593826
636.200,261.637176
636.300,261.680525
636.400,261.723875
636.500,261.767224
636.600,261.810574
636.700,261.853923
636.800,261.897273
636.900,261.940622
637.000,261.983972
637.100,262.027321
637.200,262.070671
637.300,262.114020
637.400,262.157370
637.500,262.200719
637.600,262.244069
637.700,262.287418
637.800,262.330767
637.900,262.374117
638.000,262.417466
638.100,262.460816
638.200,262.504165
638.300,262.547515
638.400,262.590864
638.500,262.634214
638.600,262.677563
638.700,262.720913
638.800,262.764262
638.900,262.807612
639.000,262.850961
639.100,262.894311
639.200,262.937660
639.300,262.981010
639.400,263.024359
639.500,263.067709
639.600,263.111058
639.700,263.154408
639.800,263.197757
639.900,263.241107
640.000,263.284456
640.100,263.327806
640.200,263.371155
640.300,263.414505
640.400,263.457854
640.500,263.501204
640.600,263.544553
640.700,263.587903
640.800,263.631252
640.900,263.674602
641.000,263.717951
641.100,263.761301
641.200,263.804650
641.300,263.848000
641.400,263.891349
641.500,263.934699
641.600,263.978048
641.700,264.021398
641.800,264.064747
641.900,264.108097
642.000,264.151446
642.100,264.194796
642.200,264.238145
642.300,264.281495
642.400,264.324844
642.500,264.368194
642.600,264.411543
642.700,264.454893
642.800,264.498242
642.900,264.541592
643.000,264.584941
643.100,264.628290
643.200,264.671640
643.300,264.714989
643.400,264.758339
643.500,264.801688
643.600,264.845038
643.700,264.888387
643.800,264.931737
643.900,264.975086
644.000,265.018436
644.100,265.061785
644.200,265.105135
644.300,265.148484
644.400,265.191834
644.500,265.235183
644.600,265.278533
644.700,265.321882
644.800,265.365232
644.900,265.408581
645.000,265.451931
645.100,265.495280
645.200,265.538630
645.300,265.581979
645.400,265.625329
645.500,265.668678
645.600,265.712028
645.700,265.755377
645.800,265.798727
645.900,265.842076
646.000,265.885426
646.100,265.928775
646.200,265.972125
646.300,266.015474
646.400,266.058824
646.500,266.102173
646.600,266.145523
646.700,266.188872
646.800,266.232222
646.900,266.275571
647.000,266.318921
647.100,266.362270
647.200,266.405620
647.300,266.448969
647.400,266.492319
647.500,266.535668
647.600,266.579018
647.700,266.622367
647.800,266.665717
647.900,266.709066
648.000,266.752416
648.100,266.795765
648.200,266.839115
648.300,266.882464
648.400,266.925813
648.500,266.969163
648.600,267.012512
648.700,267.055862
648.800,267.099211
648.900,267.142561
649.000,267.185910
649.100,267.229260
649.200,267.272609
649.300,267.315959
649.400,267.359308
649.500,267.402658
649.600,267.446007
649.700,267.489357
649.800,267.532706
649.900,267.576056
650.000,267.619405
650.100,267.662755
650.200,267.706104
650.300,267.749454
650.400,267.792803
650.500,267.836153
650.600,267.879502
650.700,267.922852
650.800,267.966201
650.900,268.009551
651.000,268.052900
651.100,268.096250
651.200,268.139599
651.300,268.182949
651.400,268.226298
651.500,268.269648
651.600,268.312997
651.700,268.356347
651.800,268.399696
651.900,268.443046
652.000,268.486395
652.100,268.529745
652.200,268.573094
652.300,268.616444
652.400,268.659793
652.500,268.703143
652.600,268.746492
652.700,268.789842
652.800,268.833191
652.900,268.876541
653.000,268.919890
653.100,268.963240
653.200,269.006589
653.300,269.049939
653.400,269.093288
653.500,269.136638
653.600,269.179987
653.700,269.223336
653.800,269.266686
653.900,269.310035
654.000,269.353385
654.100,269.396734
654.200,269.440084
654.300,269.483433
654.400,269.526783
654.500,269.570132
654.600,269.613482
654.700,269.656831
654.800,269.700181
654.900,269.743530
655.000,269.786880
655.100,269.830229
655.200,269.873579
655.300,269.916928
655.400,269.960278
655.500,270.003627
655.600,270.046977
655.700,270.090326
655.800,270.133676
655.900,270.177025
656.000,270.220375
656.100,270.263724
656.200,270.307074
656.300,270.350423
656.400,270.393773
656.500,270.437122
656.600,270.480472
656.700,270.523821
656.800,270.567171
656.900,270.610520
657.000,270.653870
657.100,270.697219
657.200,270.740569
657.300,270.783918
657.400,270.827268
657.500,270.870617
657.600,270.913967
657.700,270.957316
657.800,271.000666
657.900,271.044015
658.000,271.087365
658.100,271.130714
658.200,271.174064
658.300,271.217413
658.400,271.260763
658.500,271.304112
658.600,271.347462
658.700,271.390811
658.800,271.434161
658.900,271.477510
659.000,271.520859
659.100,271.564209
659.200,271.607558
659.300,271.650908
659.400,271.694257
659.500,271.737607
659.600,271.780956
659.700,271.824306
659.800,271.867655
659.900,271.911005
660.000,271.954354
660.100,271.997704
660.200,272.041053
660.300,272.084403
660.400,272.127752
660.500,272.171102
660.600,272.214451
660.700,272.257801
660.800,272.301150
660.900,272.344500
661.000,272.387849
661.100,272.431199
661.200,272.474548
661.300,272.517898
661.400,272.561247
661.500,272.604597
661.600,272.647946
661.700,272.691296
661.800,272.734645
661.900,272.777995
662.000,272.821344
662.100,272.864694
662.200,272.908043
662.300,272.951393
662.400,272.994742
662.500,273.038092
662.600,273.081441
662.700,273.124791
662.800,273.168140
662.900,273.211490
663.000,273.254839
663.100,273.298189
663.200,273.341538
663.300,273.384888
663.400,273.428237
663.500,273.471587
663.600,273.514936
663.700,273.558286
663.800,273.601635
663.900,273.644985
664.000,273.688334
664.100,273.731684
664.200,273.775033
664.300,273.818382
664.400,273.861732
664.500,273.905081
664.600,273.948431
664.700,273.991780
664.800,274.035130
664.900,274.078479
665.000,274.121829
665.100,274.165178
665.200,274.208528
665.300,274.251877
665.400,274.295227
665.500,274.338576
665.600,274.381926
665.700,274.425275
665.800,274.468625
665.900,274.511974
666.000,274.555324
666.100,274.598673
666.200,274.642023
666.300,274.685372
666.400,274.728722
666.500,274.772071
666.600,274.815421
666.700,274.858770
666.800,274.902120
666.900,274.945469
667.000,274.988819
667.100,275.032168
667.200,275.075518
667.300,275.118867
667.400,275.162217
667.500,275.205566
667.600,275.248916
667.700,275.292265
667.800,275.335615
667.900,275.378964
668.000,275.422314
668.100,275.465663
668.200,275.509013
668.300,275.552362
668.400,275.595712
668.500,275.639061
668.600,275.682411
668.700,275.725760
668.800,275.769110
668.900,275.812459
669.000,275.855809
669.100,275.899158
669.200,275.942508
669.300,275.985857
669.400,276.029207
669.500,276.072556
669.600,276.115905
669.700,276.159255
669.800,276.202604
669.900,276.245954
670.000,276.289303
670.100,276.332653
670.200,276.376002
670.300,276.419352
670.400,276.462701
670.500,276.506051
670.600,276.549400
670.700,276.592750
670.800,276.636099
670.900,276.679449
671.000,276.722798
671.100,276.766148
671.200,276.809497
671.300,276.852847
671.400,276.896196
671.500,276.939546
671.600,276.982895
671.700,277.026245
671.800,277.069594
671.900,277.112944
672.000,277.156293
672.100,277.199643
672.200,277.242992
672.300,277.286342
672.400,277.329691
672.500,277.373041
672.600,277.416390
672.700,277.459740
672.800,277.503089
672.900,277.546439
673.000,277.589788
673.100,277.633138
673.200,277.676487
673.300,277.719837
673.400,277.763186
673.500,277.806536
673.600,277.849885
673.700,277.893235
673.800,277.936584
673.900,277.979934
674.000,278.023283
674.100,278.066633
674.200,278.109982
674.300,278.153332
674.400,278.196681
674.500,278.240031
674.600,278.283380
674.700,278.326730
674.800,278.370079
674.900,278.413428
675.000,278.456778
675.100,278.500127
675.200,278.543477
675.300,278.586826
675.400,278.630176
675.500,278.673525
675.600,278.716875
675.700,278.760224
675.800,278.803574
675.900,278.846923
676.000,278.890273
676.100,278.933622
676.200,278.976972
676.300,279.020321
676.400,279.063671
676.500,279.107020
676.600,279.150370
676.700,279.193719
676.800,279.237069
676.900,279.280418
677.000,279.323768
677.100,279.367117
677.200,279.410467
677.300,279.453816
677.400,279.497166
677.500,279.540515
677.600,279.583865
677.700,279.627214
677.800,279.670564
677.900,279.713913
678.000,279.757263
678.100,279.800612
678.200,279.843962
678.300,279.887311
678.400,279.930661
678.500,279.974010
678.600,280.017360
678.700,280.060709
678.800,280.104059
678.900,280.147408
679.000,280.190758
679.100,280.234107
679.200,280.277457
679.300,280.320806
679.400,280.364156
679.500,280.407505
679.600,280.450855
679.700,280.494204
679.800,280.537554
679.900,280.580903
680.000,280.624253
680.100,280.667602
680.200,280.710951
680.300,280.754301
680.400,280.797650
680.500,280.841000
680.600,280.884349
680.700,280.927699
680.800,280.971048
680.900,281.014398
681.000,281.057747
681.100,281.101097
681.200,281.144446
681.300,281.187796
681.400,281.231145
681.500,281.274495
681.600,281.317844
681.700,281.361194
681.800,281.404543
681.900,281.447893
682.000,281.491242
682.100,281.534592
682.200,281.577941
682.300,281.621291
682.400,281.664640
682.500,281.707990
682.600,281.751339
682.700,281.794689
682.800,281.838038
682.900,281.881388
683.000,281.924737
683.100,281.968087
683.200,282.011436
683.300,282.054786
683.400,282.098135
683.500,282.141485
683.600,282.184834
683.700,282.228184
683.800,282.271533
683.900,282.314883
684.000,282.358232
684.100,282.401582
684.200,282.444931
684.300,282.488281
684.400,282.531630
684.500,282.574980
684.600,282.618329
684.700,282.661679
684.800,282.705028
684.900,282.748378
685.000,282.791727
685.100,282.835077
685.200,282.878426
685.300,282.921776
685.400,282.965125
685.500,283.008474
685.600,283.051824
685.700,283.095173
685.800,283.138523
685.900,283.181872
686.000,283.225222
686.100,283.268571
686.200,283.311921
686.300,283.355270
686.400,283.398620
686.500,283.441969
686.600,283.485319
686.700,283.528668
686.800,283.572018
686.900,283.615367
687.000,283.658717
687.100,283.702066
687.200,283.745416
687.300,283.788765
687.400,283.832115
687.500,283.875464
687.600,283.918814
687.700,283.962163
687.800,284.005513
687.900,284.048862
688.000,284.092212
688.100,284.135561
688.200,284.178911
688.300,284.222260
688.400,284.265610
688.500,284.308959
688.600,284.352309
688.700,284.395658
688.800,284.439008
688.900,284.482357
689.000,284.525707
689.100,284.569056
689.200,284.612406
689.300,284.655755
689.400,284.699105
689.500,284.742454
689.600,284.785804
689.700,284.829153
689.800,284.872503
689.900,284.915852
690.000,284.959202
690.100,285.002551
690.200,285.045901
690.300,285.089250
690.400,285.132600
690.500,285.175949
690.600,285.219299
690.700,285.262648
690.800,285.305997
690.900,285.349347
691.000,285.392696
691.100,285.436046
691.200,285.479395
691.300,285.522745
691.400,285.566094
691.500,285.609444
691.600,285.652793
691.700,285.696143
691.800,285.739492
691.900,285.782842
692.000,285.826191
692.100,285.869541
692.200,285.912890
692.300,285.956240
692.400,285.999589
692.500,286.042939
692.600,286.086288
692.700,286.129638
692.800,286.172987
692.900,286.216337
693.000,286.259686
693.100,286.303036
693.200,286.346385
693.300,286.389735
693.400,286.433084
693.500,286.476434
693.600,286.519783
693.700,286.563133
693.800,286.606482
693.900,286.649832
694.000,286.693181
694.100,286.736531
694.200,286.779880
694.300,286.823230
694.400,286.866579
694.500,286.909929
694.600,286.953278
694.700,286.996628
694.800,287.039977
694.900,287.083327
695.000,287.126676
695.100,287.170026
695.200,287.213375
695.300,287.256725
695.400,287.300074
695.500,287.343424
695.600,287.386773
695.700,287.430123
695.800,287.473472
695.900,287.516822
696.000,287.560171
696.100,287.603520
696.200,287.646870
696.300,287.690219
696.400,287.733569
696.500,287.776918
696.600,287.820268
696.700,287.863617
696.800,287.906967
696.900,287.950316
697.000,287.993666
697.100,288.037015
697.200,288.080365
697.300,288.123714
697.400,288.167064
697.500,288.210413
697.600,288.253763
697.700,288.297112
697.800,288.340462
697.900,288.383811
698.000,288.427161
698.100,288.470510
698.200,288.513860
698.300,288.557209
698.400,288.600559
698.500,288.643908
698.600,288.687258
698.700,288.730607
698.800,288.773957
698.900,288.817306
699.000,288.860656
699.100,288.904005
699.200,288.947355
699.300,288.990704
699.400,289.034054
699.500,289.077403
699.600,289.120753
699.700,289.164102
699.800,289.207452
699.900,289.250801
700.000,289.294151
700.100,289.337500
700.200,289.380850
700.300,289.424199
700.400,289.467549
700.500,289.510898
700.600,289.554248
700.700,289.597597
700.800,289.640947
700.900,289.684296
701.000,289.727646
701.100,289.770995
701.200,289.814345
701.300,289.857694
701.400,289.901043
701.500,289.944393
701.600,289.987742
701.700,290.031092
701.800,290.074441
701.900,290.117791
702.000,290.161140
702.100,290.204490
702.200,290.247839
702.300,290.291189
702.400,290.334538
702.500,290.377888
702.600,290.421237
702.700,290.464587
702.800,290.507936
702.900,290.551286
703.000,290.594635
703.100,290.637985
703.200,290.681334
703.300,290.724684
703.400,290.768033
703.500,290.811383
703.600,290.854732
703.700,290.898082
703.800,290.941431
703.900,290.984781
704.000,291.028130
704.100,291.071480
704.200,291.114829
704.300,291.158179
704.400,291.201528
704.500,291.244878
704.600,291.288227
704.700,291.331577
704.800,291.374926
704.900,291.418276
705.000,291.461625
705.100,291.504975
705.200,291.548324
705.300,291.591674
705.400,291.635023
705.500,291.678373
705.600,291.721722
705.700,291.765072
705.800,291.808421
705.900,291.851771
706.000,291.895120
706.100,291.938470
706.200,291.981819
706.300,292.025169
706.400,292.068518
706.500,292.111868
706.600,292.155217
706.700,292.198566
706.800,292.241916
706.900,292.285265
707.000,292.328615
707.100,292.371964
707.200,292.415314
707.300,292.458663
707.400,292.502013
707.500,292.545362
707.600,292.588712
707.700,292.632061
707.800,292.675411
707.900,292.718760
708.000,292.762110
708.100,292.805459
708.200,292.848809
708.300,292.892158
708.400,292.935508
708.500,292.978857
708.600,293.022207
708.700,293.065556
708.800,293.108906
708.900,293.152255
709.000,293.195605
709.100,293.238954
709.200,293.282304
709.300,293.325653
709.400,293.369003
709.500,293.412352
709.600,293.455702
709.700,293.499051
709.800,293.542401
709.900,293.585750
710.000,293.629100
710.100,293.672449
710.200,293.715799
710.300,293.759148
710.400,293.802498
710.500,293.845847
710.600,293.889197
710.700,293.932546
710.800,293.975896
710.900,294.019245
711.000,294.062595
711.100,294.105944
711.200,294.149294
711.300,294.192643
711.400,294.235993
711.500,294.279342
711.600,294.322692
711.700,294.366041
711.800,294.409391
711.900,294.452740
712.000,294.496089
712.100,294.539439
712.200,294.582788
712.300,294.626138
712.400,294.669487
712.500,294.712837
712.600,294.756186
712.700,294.799536
712.800,294.842885
712.900,294.886235
713.000,294.929584
713.100,294.972934
713.200,295.016283
713.300,295.059633
713.400,295.102982
713.500,295.146332
713.600,295.189681
713.700,295.233031
713.800,295.276380
713.900,295.319730
714.000,295.363079
714.100,295.406429
714.200,295.449778
714.300,295.493128
714.400,295.536477
714.500,295.579827
714.600,295.623176
714.700,295.666526
714.800,295.709875
714.900,295.753225
715.000,295.796574
715.100,295.839924
715.200,295.883273
715.300,295.926623
715.400,295.969972
715.500,296.013322
715.600,296.056671
715.700,296.100021
715.800,296.143370
715.900,296.186720
716.000,296.230069
716.100,296.273419
716.200,296.316768
716.300,296.360118
716.400,296.403467
716.500,296.446817
716.600,296.490166
716.700,296.533516
716.800,296.576865
716.900,296.620215
717.000,296.663564
717.100,296.706914
717.200,296.750263
717.300,296.793612
717.400,296.836962
717.500,296.880311
717.600,296.923661
717.700,296.967010
717.800,297.010360
717.900,297.053709
718.000,297.097059
718.100,297.140408
718.200,297.183758
718.300,297.227107
718.400,297.270457
718.500,297.313806
718.600,297.357156
718.700,297.400505
718.800,297.443855
718.900,297.487204
719.000,297.530554
719.100,297.573903
719.200,297.617253
719.300,297.660602
719.400,297.703952
719.500,297.747301
719.600,297.790651
719.700,297.834000
719.800,297.877350
719.900,297.920699
720.000,297.964049
720.100,298.007398
720.200,298.050748
720.300,298.094097
720.400,298.137447
720.500,298.180796
720.600,298.224146
720.700,298.267495
720.800,298.310845
720.900,298.354194
721.000,298.397544
721.100,298.440893
721.200,298.484243
721.300,298.527592
721.400,298.570942
721.500,298.614291
721.600,298.657641
721.700,298.700990
721.800,298.744340
721.900,298.787689
722.000,298.831039
722.100,298.874388
722.200,298.917738
722.300,298.961087
722.400,299.004437
722.500,299.047786
722.600,299.091135
722.700,299.134485
722.800,299.177834
722.900,299.221184
723.000,299.264533
723.100,299.307883
723.200,299.351232
723.300,299.394582
723.400,299.437931
723.500,299.481281
723.600,299.524630
723.700,299.567980
723.800,299.611329
723.900,299.654679
724.000,299.698028
724.100,299.741378
724.200,299.784727
724.300,299.828077
724.400,299.871426
724.500,299.914776
724.600,299.958125
724.700,300.001475
724.800,300.044824
724.900,300.088174
725.000,300.131523
725.100,300.174873
725.200,300.218222
725.300,300.261572
725.400,300.304921
725.500,300.348271
725.600,300.391620
725.700,300.434970
725.800,300.478319
725.900,300.521669
726.000,300.565018
726.100,300.608368
726.200,300.651717
726.300,300.695067
726.400,300.738416
726.500,300.781766
726.600,300.825115
726.700,300.868465
726.800,300.911814
726.900,300.955164
727.000,300.998513
727.100,301.041863
727.200,301.085212
727.300,301.128562
727.400,301.171911
727.500,301.215261
727.600,301.258610
727.700,301.301960
727.800,301.345309
727.900,301.388658
728.000,301.432008
728.100,301.475357
728.200,301.518707
728.300,301.562056
728.400,301.605406
728.500,301.648755
728.600,301.692105
728.700,301.735454
728.800,301.778804
728.900,301.822153
729.000,301.865503
729.100,301.908852
729.200,301.952202
729.300,301.995551
729.400,302.038901
729.500,302.082250
729.600,302.125600
729.700,302.168949
729.800,302.212299
729.900,302.255648
730.000,302.298998
730.100,302.342347
730.200,302.385697
730.300,302.429046
730.400,302.472396
730.500,302.515745
730.600,302.559095
730.700,302.602444
730.800,302.645794
730.900,302.689143
731.000,302.732493
731.100,302.775842
731.200,302.819192
731.300,302.862541
731.400,302.905891
731.500,302.949240
731.600,302.992590
731.700,303.035939
731.800,303.079289
731.900,303.122638
732.000,303.165988
732.100,303.209337
732.200,303.252687
732.300,303.296036
732.400,303.339386
732.500,303.382735
732.600,303.426085
732.700,303.469434
732.800,303.512784
732.900,303.556133
733.000,303.599483
733.100,303.642832
733.200,303.686181
733.300,303.729531
733.400,303.772880
733.500,303.816230
733.600,303.859579
733.700,303.902929
733.800,303.946278
733.900,303.989628
734.000,304.032977
734.100,304.076327
734.200,304.119676
734.300,304.163026
734.400,304.206375
734.500,304.249725
734.600,304.293074
734.700,304.336424
734.800,304.379773
734.900,304.423123
735.000,304.466472
735.100,304.509822
735.200,304.553171
735.300,304.596521
735.400,304.639870
735.500,304.683220
735.600,304.726569
735.700,304.769919
735.800,304.813268
735.900,304.856618
736.000,304.899967
736.100,304.943317
736.200,304.986666
736.300,305.030016
736.400,305.073365
736.500,305.116715
736.600,305.160064
736.700,305.203414
736.800,305.246763
736.900,305.290113
737.000,305.333462
737.100,305.376812
737.200,305.420161
737.300,305.463511
737.400,305.506860
737.500,305.550210
737.600,305.593559
737.700,305.636909
737.800,305.680258
737.900,305.723608
738.000,305.766957
738.100,305.810307
738.200,305.853656
738.300,305.897006
738.400,305.940355
738.500,305.983704
738.600,306.027054
738.700,306.070403
738.800,306.113753
738.900,306.157102
739.000,306.200452
739.100,306.243801
739.200,306.287151
739.300,306.330500
739.400,306.373850
739.500,306.417199
739.600,306.460549
739.700,306.503898
739.800,306.547248
739.900,306.590597
740.000,306.633947
740.100,306.677296
740.200,306.720646
740.300,306.763995
740.400,306.807345
740.500,306.850694
740.600,306.894044
740.700,306.937393
740.800,306.980743
740.900,307.024092
741.000,307.067442
741.100,307.110791
741.200,307.154141
741.300,307.197490
741.400,307.240840
741.500,307.284189
741.600,307.327539
741.700,307.370888
741.800,307.414238
741.900,307.457587
742.000,307.500937
742.100,307.544286
742.200,307.587636
742.300,307.630985
742.400,307.674335
742.500,307.717684
742.600,307.761034
742.700,307.804383
742.800,307.847733
742.900,307.891082
743.000,307.934432
743.100,307.977781
743.200,308.021131
743.300,308.064480
743.400,308.107830
743.500,308.151179
743.600,308.194529
743.700,308.237878
743.800,308.281227
743.900,308.324577
744.000,308.367926
744.100,308.411276
744.200,308.454625
744.300,308.497975
744.400,308.541324
744.500,308.584674
744.600,308.628023
744.700,308.671373
744.800,308.714722
744.900,308.758072
745.000,308.801421
745.100,308.844771
745.200,308.888120
745.300,308.931470
745.400,308.974819
745.500,309.018169
745.600,309.061518
745.700,309.104868
745.800,309.148217
745.900,309.191567
746.000,309.234916
746.100,309.278266
746.200,309.321615
746.300,309.364965
746.400,309.408314
746.500,309.451664
746.600,309.495013
746.700,309.538363
746.800,309.581712
746.900,309.625062
747.000,309.668411
747.100,309.711761
747.200,309.755110
747.300,309.798460
747.400,309.841809
747.500,309.885159
747.600,309.928508
747.700,309.971858
747.800,310.015207
747.900,310.058557
748.000,310.101906
748.100,310.145256
748.200,310.188605
748.300,310.231955
748.400,310.275304
748.500,310.318654
748.600,310.362003
748.700,310.405353
748.800,310.448702
748.900,310.492052
749.000,310.535401
749.100,310.578750
749.200,310.622100
749.300,310.665449
749.400,310.708799
749.500,310.752148
749.600,310.795498
749.700,310.838847
749.800,310.882197
749.900,310.925546
750.000,310.968896
